INSERT INTO tbl_html_page (page_id,page_desc,page_type,pageurl,page_code) VALUES (1,'home',0,'/xFace/','HOME'),(2,'config role information',0,'/xFace/user/roleInfo','CFG_ROLE');
INSERT INTO tbl_location_map (map_id,date_created,date_updated,map_code,map_desc,map_name,map_photo,user_created,user_updated) VALUES (1,'2019-01-01 00:00:00','2019-01-01 00:00:00','map1','map1','map1','data:image/png;base64,iVBORw0KGgoAAAANSUhEUgAAAyAAAAHbCAYAAAAzuv6bAAAACXBIWXMAAAsSAAALEgHS3X78AAAgAElEQVR4AezdC3ycVZn48WeSNiQttE0KlK0obVqq7a5QTFAXKLQkVVhBSzEF/wKiuK0KKliWBGFt2UVokFJAQBNEquAKjRRQVoSmXBeWS7LUIq3WNE0Vs1slSVugSXOZ+X/Om3OGM2/euWZmMpfft5/5pJl5L+c9M0nO8z7n4gsEAgIAAAAA6VBALQMAAABIFwIQAAAAAGlDAAIAAAAgbQhAAAAAAKQNAQgAAACAtCEAAQAAAJA246hqAMgus2fM3CQi1REKPautY1d7Jl7U7Bkz14hIjYiUi0iziKwwZdXX1d7WsWtFhP3V3PGNkbYBAGQ2AhAAyD71ItKkS12jg5FggzyDg48GEVmuy6rKWKEDkYwsLwAgNQhAACDLtHXsajYlnj1jpmrEq+cas+AqVLDUZJW12X6xrWPX4rEpFgAgnQhAACAHzZ4xU2VFanV2pFVE6kzgMnvGzJ26q9NieS+IaRGRZW0du5rEyla0dezy6e9VpqJBH09lLOrtoEd3jarTr1eb/TyUh6ttd/eq2TNmllrnFJ358dpvjc6slLq7dQEAMg+D0AEgx+iAYpMOFBbrAGSTDkpEN9LtMSQ1rq+iXzfBSLkOUEQfTz3fYB3PqNVBQF2YGlXPV8yeMbNl9oyZNWG2sW2yupetkNDyiYR266rTZSvV+wEAMhQBCADknjVmMLfKeuiMQrsOEMQKLEwAUaODlGp5L+Aot7pIOfupjIk+Xp3evtZVcz1tHbsq2zp2eWYqdMZkmQ4SNqhB5zrLMYIOUCp0NqNJZ2aW2dvpQGu5zu406gyPutbyGAMcAMAYoAsWAOSeCvf4Ch0wOI1y1VCfPWOm6GxEuw42FltZEtNNygx0d7pxuTIePfo8Nvc5R9CBRNPsGTOX6+5VDe7Awjqn2V70/9t1uUO2UWXxyMZUWOUHAGQQAhAAyD2eWQUdNBh2N6x2HZSYLIiT/Wjr2GW2NxmRSFP/xkVlLHTQMJpMhQmUNni8Fq4OAABjjAAEAHJPs0d2okJnQYwm3VVLrEyBCUpU492eVavdHrSeRKWuoMjmlFUFKdbgefcAdjPQPGPXPQEAjEQAAgC5p153p9qgA4nlOltgd3Vq1gFAtTVovMk9TkSr14POG6zn1fFa2zp2tcZae3r2rSZrDZDqCAPWTVnUWBGzxol7zEmjfk5da70VkFSEG4cCABh7DEIHgByjMwaLdZCwSQcai+1gQWcMWnVmo1U/16ob8a12RsEaPF6uuzttsKa9jYkebN6su1yZqXXrIgxY77Fm8GrQ2ZpGO4ujt6nUx63V16rKVh1ucDsAYOz5AoEAbwMAAACAtCADAgAAACBtCEAAAAAApA0BCAAAAIC0IQABAAAAkDZMw5shiopLmA0AAAAgQ/T39fp4L1KDDAgAAACAtCEDkmHyIdo22Z693d1jXxikzJSyMufQ27dto5IBAFlj7rx5vFkpRgYEAAAAQNoQgAAAAABIGwIQAAAAAGlDAAIAAAAgbQhAAAAAAKQNAQgAAACAtCEAAQAAAJA2BCAAAAAA0oYABAAAAEDaEIAAAAAASBsCEAAAAABpQwACAAAAIG0IQAAAAACkDQEIAAAAgLQhAAEAAACQNgQgAAAAANKGAAQAAABA2hCAAAAAAEgbAhAAAAAAaUMAAgAAACBtCEAAAAAApA0BCAAAAIC0IQABAAAAkDbjqGoAACJ76okn5O7GRunu6ZGS4mI5+aST5N1335H/fvkVz/2eeOop5+vqq+ucbW644Qap+PjHg69/8vTTQ7YvKy2Vnz/0kDyyYYP84Ic/DHntM5/+tHzt8stHnENt++CDDzplUvsvWLAgZDt1juM+/A/yvdtuDz6nrqO+vt4pnzmXKavyuXPPlQ/OOVZW37gm+NyXLvi8fOD97w95DgBGgwAEAIAIWl96yWm0f/7z/09OXnCq7N61S46ZOVNKp06VC7u6nB2/9pWvOIHCJ//pn0IOtOW3W52A5anm5pAARHRgYbZXx1L2v73f+XqXFYSY12w/vedHsvGhjXLxxRfLh+fPl9e3bJH169cPl8UKQra+/jsn0FiybNmIY5hz2c477zwnKNm5Y4fMmjPHOU93d4/cbAUxADBaBCAAAETw5z/9yXnxoku+7HxVDXOjzAoODj3s0JDXVLaht6/PCTSef/75ESdwb28L97zS3dXlBB+f+MQngoGF2r6zs1Me/eUv5fwLLwyWa/bscicwUUFKpGMa6ni//OWjct+9P3YyHo//+nHnPGUeQRAAJIoxIAAARHBqVZWTxbh0+ZedoCJWzz3ztNMFSmU5VDepePaNZEtLixPYuLMtKvAQ/bpx7rk1UlJSIrfcfFPMx7/gwoucbmN33Xqr871X9y8AGA0CEAAAIlB3///1O99xNlBdsdSYCNVFKRrV/erkk09xMg8qE9H66qshe/zsZ//hjNNQDzVWxGaeVw934PLmm392vrozGiZLYV43/nn5cmlra3e6U8Xi9E9+0imvyqaoLlkAkGx0wQIAIAo1fkM9VODx3X+7zsko3NkYvkFvul+p8RRmUHl3V0/INl5jQAx7DIg70Dj66Pfr43WFdI0yQZF53VABhcrGmDEjsfjYxz7uBC1eY0cAYLTIgAAAECMVDCxctMhpnEeiGvwqi6ACCfWora11umGpAe2GGQOiHu4xFuZ5r3Eb8ysrna8P3HdfyPNP/PrXTlcx87rtG1f+i9MVa1Pzk7zVAMYcGRAAACJQQYMaiK4Gcu/t7paXX37JCS4i+cOOPzrT4poAQn1V0/h6zYYVLxWsqOzJk08+KdOnTw/OgqW+X3ruUs8B4+o51RVLdSFzs7uTqUwMA84BpBoBCAAAEezbt8+ZGUp1pVIZhmOPnS1Xf2fViB0mHTbJ+aoCFpXtcA8S/8gJJ8j/vPbaiO29jhGNGRiu1gFR5VLrgKjuVZG6TJmuWGbtEnMuNYWw8Y8f+6gz+1Ws5QCARPgCgQAVlwGKikucN6K/r9eXL9eq7iQid00pK3Oubfu2bbzLAICsMXfePKeo+dAmGyuMAQEAAACQNgQgAAAAANKGAAQAAABA2hCAAAAAAEgbAhAAAAAAaUMAAgAAACBtCECQlf66Z49cvXKlnL5ggRw3b558vLJCbrhutXMp6vuf3nOP83/1Vb2mnlOPZecscfY1Yj2Oob4/Tk/PZ/8/nK+vWO5s89zTTweP6fVQ23kdTz1nyqa+mrIZ6vkvXvD5kOd+tXFj1HIBAACMFRYiRNZRQcP5n/2sHH74VLniiiukfPZs6erqCrmMt/fvD349cKBXfv7AA842d9x+m3zpogvlsSeejOs4Xt+7X/PyamurTJhQIo8/9picumiRUw7l0Yc3ygMPbgh+f8S0adL0H/8RcoQ7162T+352v3ztq1+TihNPlNZXX5W7fnCX89q3V70XiLT+z2tOoHLRJZfwYQYAABmPAARZZ91NNzlF3vDwIzEX/e+PO875+vqWLdJw993O/xM5TjxUJkIFP+eft0yamzeHlOOZzaHfu6ngSAUfnz777GBgobZ9880/O4HLl7/yVTly2jTn+Q99cI4TmKggJdzxAAAAMgVdsJB1Xn7lFamuroq72KpR/+xzz0rFR05wvk/0OLF68onfOOf6zDlL5a2uLicgidXLL7zgBC9qX5sKPES/blx44UUyoWSCXLfqO3yYAQBAxiMAQdZRjfnJkybHVWw1JqJ60SJ5660uqV97i/NcIseJh+p+tWjR6U5WQmUpXrSChmj+tHu3s4U7o2GyHuZ1Q3Uh+/0fdjjdtgAAADIZAQiyjhpTsW//vriKrcZafPf6652gw2QPEjlOrEz3q5vXrnWCHxUcqIxLrD5wzDHOlvaAeeWNrVudr+Z14+ylS+W0Bac43bZ6enr4UAMAgIxFAIKsc2JFRXBMRaxUJkE10lUmYuPGh5y9oh3n8KlT5c033wx5Tn3/gfcfHfWsqvuVOpcKfOzgx8yGFc3HTj7Z2eJHP/xByJZq8LoKnMzrtn/9t393umI99tiv+FADAICMRQCCrPOVSy+TA70HnCl1VaZBZQXU11ga9/Pnz5fdu//k/D/acdT4kKeffcaZYUq9pr6q788848yQY6rXzMNkLN7Ytt05lwp8TPCjAho1G1YsVFcrNXj9l7/6Vcj51fcXfv6CYFcsm3rOdMUCAADIVMyChayjGvT3/Phe+eGdd8i6deuczIJq3J+7dKkz1a1y2KRJIV+NU049zZlFSjXoox1HTXX79v63nRmmDqztdV5Ts1JdesUVIcf+3PnnB4+vukHVnP8551juAeQf++hHg92w3OXyes5Mtbt+/XqnK5c6v5qSN9J0uyrQUdmXZ5//Lz7YAAAgI/kCgQDvTAYoKi5x3oj+vl5fvlzr3u7usS8MUmZKWZlz6O3btlHJAICsMVcv5psPbbKxQhcsAAAAAGlDAAIAAAAgbQhAAAAAAKRNRg1CLyoumaImKtKPKdZX5bQxLh4AAACAURrTAKSouGSGiCy0HsfEsBsAAACALJX2AERnOZaIyOUicrzHJr8VkQ4R2aImStJflb39fb1bPLZHnlHrYThT4x7odS5cLfh3xw8bnHUw1GtqylqbWk9DTWmr1ui47CsrgutkqGltn3r++Yj7hDvX3/bscabfvXLlypBpca9eudKZavfiiy+OuxwAAAD5IG0BiA48LtePydZLKuB4RESe6e/rfYZPHaJ5e/9+JyBQK4x3dXXJHbffJl+66EJ57IknndcU9ZpxhF60T20zYcKE4GvtbW3O10j7RDqXWhH91VdeDglAVPCh1vtIpBwAAAD5IC0BSFFxiQo6VluBx24RuVWtsdbf17uXTxoSoRYSVF7fskUa7r475AjmNduf/vymrPjnfw6+5t7Gax/3a/a5TjrpJGdlckOtoK4WIDzzrLOc7RItBwAAQC5L6SxYKutRVFyishrrdPChsh2L+vt6Z/T39d5K8IHRUt2Znn3uWan4yAlRj6S2ue9n98ud69Y5+8XLfS61qrrKjvxq40bn+8cfe8zJipjV2FNVDgAAgGyWsgCkqLhkvh7LoWav2iciV/T39c6nmxWS5bh586R60SJ5660uqV97S8hR1WvmYQKEe+//mSw6baHT+P/0p/7JGd8RbR/7Nfe5VKChxm+8+MILzveq+5XKioy2HAAAALksJV2wdPDxjJX1WNLf19vBJwnJpMZQqPET11x7rbz8wgty9tKlwaPbYy/sLk43rl3rZB3W3XSTM0i84sQTo+4jEc6lxnu8/rvXg92vPnPO0hH7xVoOumIBAIB8kPQMiJ5a1w4+FhJ8IBVUg10FAmpmqo0bHwo5g3rNPNzUbFk36hmqntm8OaZ9wp3rpJNPdsZ0mO5XXuNK4i0HAABALktFBmS9K/hgnAdSav78+dLcHNqAf2Pr1uD/1exTqrF/w3WrnXEbU6dOlUcfHu4OtbCqKtj499rHzX0uFZSsW7dO/vPxx51pdt3iKUeumjtvHj8AAAAgKKkBiJ7tyoz5WELwgVQ4bNKkkKOqxvwDD25wGvvmNbVGh3HaglPkX//t32XLli3OrFVq4LjKVnz3+uudzETrq6967vP9hsaI5wrOYjVvrjz7/H+FdL9KpBwAAAD5wBcIBJJymXqdjw6d/VADzm/lEwQvRcUlzodub3c39ZPDppSVORfX39fry/e6AABkD9NO4e9X6iRzDMgSHXzsJvgAAAAA4CWZAcjl+ivBBwAAAABPSQlA9MxXx+tv11PVAAAAALwkaxD6fP31t9k28Hx8cXFyBsEkaKCvj/6FAAAAGcaMBUGoZIyNSVYXLBOAsMo5AAAAgLCSlQFZqL9uydaqTncmYqwzL9nsp/fc46wevnXbtpD/ux03b55cuXKlXHTJJfleZQAAIEbMfuUtmRmhZC9EyIrnSLm39+8PnsL+v5doryN3zZ4xs1ZE1KNUX+Ssto5d7bNnzGwQkeX6uca2jl0rZHh784u1R0Tq2jp2Nc6eMbNCRFraOnb5rNeV9raOXbP065v0OdR+K9o6djXNnjGzRkQa9POtbR27KjOhomfPmLlc10m5fmpxW8eu5tkzZq7RdaLK26Svo8dcv97Wvj5VF+aaWqxTNLd17Fo8e8bMbqtO6ts6dtXLe+/JGr1tU1vHrpGrdwIAcl4qVkJHhAwHYz6A1NMNatV4rtRBR6luUKugoFwHFKqBvElt29axq04XarEKLkRk5+wZM5ut4MVwGuzW9+r1Un08FXRsUOsr6a+mcV+eCW+5FXwsa+vY1WrViXquWgdo6vtNOnhaZq7f4/rErhv1uut0pa66bNLPr7ECwYyol3SzAuAyVd8y/NxOFaypQNUOeiVM0KjfB1P/7TpgbpL3jl/jEUx6BdAhgaT7fdSfhYq2jl1l1nMBd/AYIRAfcU5rn24dnC/2OIa5LnWeOlcgrKifwTrXOYOBLoDMl8xpeAEgU9TqRplqxIhp6OmGX531XL2VDTFMA6gngWvpsb7W6EZ+e4bUyRpdJ60SWie1uvFmvq8zZfc4RiJ1YvYz+2ZavaSbqVcVJJiGtx2MBevdFTT6dNBiAuPF+rl6HZCY4EMdSzX0y/R2DdaxnX3sQMAE0WHqwHlt9oyZ1fr4NZG20+VZYcoT7pz6eGqfautzFjyGPs4y/VlpsANh/VjsOqcKotbka1ALZCMCEAA5xTSWTEPbCPN8j6vxtUk3npZZDXKbypgE9J1h+9gBs59+arHOwHTrRmQmKA0TQIQ8b9VPhev61ljXF0LXSUA3Fu263GnuwOv6XKwDvp3m/chDpr5NY365vtvv1XgOFzS6hQTYVn1HCiZjEU9ZbdEC1RqdnWn1uAEg8t7nsC7c6y6juWkAYAwQgADINU5jTd9Ztnk9726Uq7u1s0x3Fg+LrTuwQfoubJNpqKnGkx73obZrGEUDMJncwZbR47rrXqGvIdjVzNzBdnU/E9frPjOextSlvjtfY23XrO+E17vukueTUn395u7/cv29l3BBo5hg2HSX8wqwPYLJTR6BYiSmrCaIqY5QVq9AXMIE7SYAabI/Hx5Crt0r0NXnbDGBbp5+poCsk6wAxAw+XxhlOwBIKd0IadJdMpyGtRnvYJ43z+nuLY1JKk+Tq1uN6LvFEqGLSzqp66w13VSsoMg8b75fo68lWXViuu+UuuolE+pkLJTr62/VwUN7hPoIFzSKDvDK9HFqvAJsj2BysUegGEmpOa4ua7Muk2cGxB2Iu85pxnqY7lcb9GetIkLXqXLrZ8gz0LW6oUUKZABkmGQHIFN4gzEW3ti6Nfj46549wRLs278v5DXkBz1A1gyADuiv5bp/uhmQu1PP2lRnVYr7Dqr7e3M3N+DxerPuL68afRusO7PLMmG8g75OVcYWq04q9POturtYQA8WNnewI91RDo7rsO5M77RfN3fgrUbnJqs71+KwR8597VZDvdFuZLuECxrNe9qjt6lxB95622QEk62uskbLMkTLatTonzsz1qPda3v9mYn1BkEw0AWQHXyBwOin9C0qLlGZj6dF5Nn+vt6syoKY2aoSnZ0q3vU8zHlGe95sZuaR3tvdndBVeK0DYjttwSny/YZGZx0QN6/1QpAaU8qGJ85hPnXgPdbMUz06CDazgnnOSOWaItmMo2nRM7y16uBkpx543qMzFaZB755mutLuohVhOuV23Y3KTEGtGveb9P8r3DNmuaarVuXs1uWxA1Izm1q3Dsqb5b2pmWv0zQF7ymczC1a9xyxYIeWzrsU9Sx2AJDLtt2T8XU9WADJDRHYlq1DpRACSfqMNQJAdCEAAAMgdyQxAktIFq7+vV3XB2i3vZUMAAAAAYIRkzoL1jP66hGoGAAAA4CUVAQgZEAAAAACekhmAPKK/Hq/HhAAAAABAiKQFIP19vXtF5FH97cW5Vs1q0LjXIwOKBgAAAGSNZK+EbrIgOReAAAAAABi9pAYg/X2969XabyJyTFFxCYPRAQAAAIRIdgZEWa+/Xk5VAwAAALCNS0Ft3Coi31QLUqvB6HqNEAAAACAvjfW44Uxb+DrpGRAdcPxEf7s62ccHAAAAkL1SkQERHXh8QT2KiktWZ1MWhJmtkAzvvPOuvPryf0t3V7eUlJTIqYtOl0MPnUjdAgCQx9KdicjUdm0qxoCQBUFeu7m+XmbNmS1X3vA9uf0/n5Jvr71NZh07W9bceGO+Vw0AAEDKMiCSzVkQIFE/amiQm267VT76rXoJ/OMS6evvl9I9f5Kpr22WW26/RQ4vK5Mvr1hB/QIAgLyVkgyIkAVBnlqz9mb5yAWXiW/heVI0YYJMOOwwKZj2ARk6ZanMPfvzzusAAADx8Pl8gVgf2VCxKQtANBN4qCzIjBSfCxhTD23YIAPik8LPfF3GFRaKzydS4CuQ8eOLRIoniP+sr0p/YHg7AACAfJXKLlhOFqSouOQnuivWalZIRy57/r+ekyNnz3O6Xansh98fEH/AL0P+ISkcN14G/YPyd3PnO9udu2xZ0mviuHnzPJ8/bcEpcuJHPyY3r10b8vz55y2Tb68avkfw1z17ZN1NN8nLr7wib3V1yYQJJfLps8+Wo49+v7Pf1m3bRpzrypUr5aJLLuEzDQBAigUCgZDB63amw/1aNkhpAKJl1ViQTJsnGdnlkLIj1a8CGeofkIDPJ0MDA3Kwr1f8B3ulaKBf/MUTUnY9P3/gAefrow9vlAce3BD8/ohp06TpP/4jZBvzvOjg4/zPflYOP3yqXHHFFVI+e7Z0dXU5r72+ZUvY8729f3+2vT0AACADpDwAIQuCfDL07n452HtAiosOkYD45GD/QfEPDsj4wQGRoUHp39ctctRhKamRvz/uOOfrM5s3h3zvtY1NZT6UDQ8/MuK1SAEIAAAYnWSM2XAfIxsyIunIgEg2ZEFY/wOjteCUU+Xha66R8oF+GQqI9L67T8YVFTtHHSw6RAoPvC1/bf+9LLjkwoyqa9Xtqrq6KgNKAgAA8kGqB6E7mBEL+UCN6yj0ifievFfe7f6bc8WD+7pk/P4ukb91SuD5Jhnnk5SM/4iVGrthHr/auNHZS435mDxpcsQj2PuFG2sCAAAQi3RlQCRTsyCM+UAyfXvllfLt1avlhOkzpfcfFopfpUL7D8ohf3hJtj56n9ywemzjb3sMiOmOpQac79u/L+J+373++pDvr7n22hSVEAAA5Lq0BSB6LMizalIexoIgV6lFBvfu3Svfu+07Mv3YuTJh+gzZ+5cO2fPH7fKtb3xjzBch9BoDcmJFhTQ3bw7OiOXl7KVLQ54lAAEAYPTUeA2vcSDxjOPIxhmx0pkBER14PM3q6MhlV9bWyoUXXyx33H6bvP32fjl6/iflwot/LtP0rFNj6Y2tW4NnV7NgHTltmnzl0svkki99UZads0QuvPAiZxas9rY2mVxayucUAAAkXVoDkP6+3mfIgiAfqGDj3797w5hc6WGTJoV97nPnnx98Tq0P8v2GRicrcs+P75Uf3nmHrFu3zhkTcvjUqXLu0qWex4p0HgAAgGh8gUB6J38qKi5ZqLMgykyyIPmnqLjE+dDt7e7OmWt/enOzdHe9dz1qsUHbP/z9h6XUyijMPvZYOf6EE8aiqGkzpazMOVV/Xy/jrAAAec3MtpqKsceRumAl87ym/ZaMv+vp7oJFFgQ5ZXLZcFAx7YgjZNqR0ySg/gVEPnDMDJl42Hvrfdx7333O1wLf8M9s2842OdDX5/x/X3cPHwoAAPKYCSKycVXzRKQ9ANHssSCX9/f17h2jcgCjNn/dr8VXWCAF44vEVzBOJOCXPYGA+P1+CUw4TAoH+2X8aSrY8ElgoF8CQ0MyKzAk/qEheaN2KW8AAADIK2lZB8RNZUFE5Fn99OV85JDNVPBRWHKYDE2cIoP6of4fOKxUCgIBCfgKpKBwvJP98BUWiq+gQHxCryQAADBMZT7yJfshYxWAaGbOz8uLikumjGE5gFEpPGSCDJYcJuMnHCoTJh4qJRMPlXETD5XCkokyNOFQGSqZKIMlh8rQISUi44tExg0HIQAAAKK7YHlNx5urxqwVZGVBJpMFQTbzyfDvC7/zCMig369md1C/TUS95JMC8RWOd7IePpUFKRgnBYWFvOcAACAvjfVtWLIgyHoDvgInCPH7A+LXs8oNBgIyODjo/F8NTPcN9YsvMCQ+v1/EPyT+wcGUBCHHzZsnP73nnrDPqa/qe/txw3Wrw+5r9vl4ZYXzuvr6xQs+L3/ds4cPLgAASUIXrDTSWZDfkgVBNiscGpCAf0heW/ZBCfj9w0FI4L0ZrxQ1DiSgxn34/fLa1z8hUlDgDEJPhbf37x9xVPOc+frzBx4IPr78la+O2M6974EDvc62N33vZtm9+09Su/JbfGYBAEBCxmoWLNutapZSnQW5lRmxkG1UvFGge20OBx/D2RDxD4pvcMB5Xq234xsazJgrU4sPJrqPWqCw4e67U1AqAACQD8Z8JGx/X+96EdlNFgTZSmU2An7d3WpoSIaG/E6wYYIP9f9x/b1S4B+SQMAf3E6ydCD6vv37ZMKEkgwoCQAAyEaZkAERPRZkTLIgZoXIsZKKFTGRZoP9UjhY5JzTr8d9+JyRH+J0uVIPnx6qrrpoyfBsFyJD/pSUU2UnomUo1HgO47vXXy9nL42+HskbW7dKe1ubNDdvlhMrKpJVXAAAMArZOHYkIwIQlQUpKi5RQcgxOguyOobdgIygulf5dWajwFkJ3e88Vzhw0Bn74fMPSmBwQIYG+4f7azldtVITfCifOvNMOenkk4PfX3PttSO2UeM5jFi7Y33u/POdzMei0xbKFVddlbwCAwCAvJIpGRAZyyyIjEEmYqwzL0gildUw3a3U10BACvwD4hvoF19BoZP1UMGHkwXxDw88T+VChEcffXRIRsMrAElkDMjWbdtGXTYAAICMCUDIgiBbqaAioLIbKrA4eMAJLfw+nzPLlbMSuhqArkVnzDcAACAASURBVL4ODQUDkEAKMyCxUN2pjCOmTZMjp01zvlPjO+zXEglUAAAAIsmkDIiMdRYknPHFxUtkOEvySCaUB5lFjfYwYzucNT8CfvH5A05Q4i8oFL8KUNSg84A/mPkw64WkwmGTJo04qnnOfFXdqYzTFpwi329odL574MENzsNQWQ+v4wEAgPjRA2ZYRgUgmZgFGV9crBZIXK//P2Ogry9qUGQ+XAwwzw/Da38MDz739x8cDkj6+53MR8G44eyHOJkQFXiYLlgiqfgN5NVNyn7uoksucR6x7httHwAAgHipVRczqtKKiksu1lmQfSIyI9VZkGjBwvjiYrVY4mn622cH+voWjvaYsW6Tq4qKS5xr39vdnfVXOLmsdNTH2Nfdk5SyZJopZWVOifr7egnEAQDIcqb9loy/65nWBctkQS7Wjf4xzYKMLy5ebQUfymnquYG+PsanwJGrwQMAAECqZOpKaKaBr8aCTBmLAowvLp4vIqs8XlqlXwMAAAAQp4wMQPr7elW3p2f16uhpzzbocR+RBpw/orcBAAAAEIdMzYCIFXh8s6i4ZEaaz71eD4QP5xgzMB0AAABA7DI2ALGyIJLOLMj44mI1/uQzMWz6Gb0tAAAAgBhl3CxYtqLiEjXj1NP6qZn9fb0dyT5HKmasYhasyMwsCsgPzIIFAED2S+YsWJncBctkQR7V3946xsUBAAAAMEoZnQGR4WhLjf/Ypb9dpIOSpCEDAgAAAESWNxkQGb5I1e3qJ/pb1t8AAAAAsljGLUQYhgo8lqiFANW4kGRnQQAg1UzWM1VyMZtKnSWOugOQyTI+AyLvZUHMGBCmvwUAAACyVLZkQEQHIJerNTiKiksu7u/rJRABkHWSfec41Xe6MwF1ljjqDkAmypoApL+vd29RcYnqirVOBSNFxSWPqOcyoGgAEJdkNeLyqRsMdZY46g5ApsmKLlhGf1+vyoLsFpHJOhsCAAAAIItkVQCimdXHV+kpeseUWg1d3V2yH6Y87udZOR0AAAD5LusCED0D1rP62zFfnHCgr2+9tVhiJI/qbQEgqhPnz5fdO3dSUXGgzhJH3QFIp2wahG67WC9O+JkMmZZXlWeLGiAf5vXdVuYGACI6dMIE+cVDD8n0972PiooRdZY46i6zzZ4xs1tE6to6djXK8Pe1IlIjIhVWwdvbOnbNmj1jpuqF0djWsWuF3lZt09LWscunj1Oqt+/R29Xp7dR+lfq1FhFZ1taxq8neX2+3XETU+cv1ts1tHbsW2xU4e8bMTapsbR27yqzn1PGb2jp2LdPfq3OU29tY11ZrlXOWiKjIuLKtY1erV1n1tUW6bnsMlKknVX8N+jytbR27Ku1ymAX3kDrZ2AXLTMt7m/52zLMKA319e/U6JeEs0dsAQFSrrrlWfvvaa1RUHKizxFF3Ga9JBxyGCgIa9f8Xq0a2alTbr+sGtlgNefP/xTqYUEFD9ewZMxtcr5vtG2bPmGl/bwcfy/Q51XGWeVSes9/sGTOr9X522dX35Tp4KtWBgnl+jSqTDjbUscvaOna1e1yHu6zRrturnjaY6whzDUixbM2AiF6c8GI9Le/q/r7eMV0lfaCvb8v44uLr1O9y10vXqdfGqFgAssyiBafIKQtOkW9f820586yzePtiQJ0ljrrLCioA2aQDgnL9aNJ38L006gCiNdzFqWzC7Bkz63VDfIXHJq062Gi2nlMBwgqTidDH6fHYt1RnWGr0/ipwabeyJjX6+D36NXP+Wh18tEc4diRRr9vilE9tawU5I/T39TLzW4pkZQZE9LS81kxYl2fCgPSBvr7V1vgU5Vn9HABEpbrCrF//E/nSJZfIO2+/Q4XFgDpLHHWXHdo6djXrBnO1adRbjXMVmAR0tyejSTfwN0S5wEgN/DpXVyixAguVrWjQ5+322FdtV68b+KW63PXW6zW6jMHMjsmW2MGNi7nOSF2jIl23u54W6yxMt87sIM2yNgCR4SBkvW7wT86EAema6oq1Tz8idcsCgBC3r1sn11x9tWz/4x+pmBhRZ4mj7rKKaazXWN2vxOpatNh1Mct0xiFS47pUZyZG0IFAow5CjB4TkOixFos9ujqZ45pAokFnQdS+5Vb3qzVmDIYOPsz4jgqv8ljXGS0jEe66Q+pJXZ8e97HY6m6GNMrqAEQzg7vVgPSUNPjV4kuxLsCkx3qoMl3MuA8Asbpg2XA35Ps3RLtpCYM6Sxx1l3VMAKIGbjdFK7zOkCxzjR0J0o3+Na5gxq3O6jYlets1EYIEW6tV5kYr21KjB32bYEIFJzW6vE36+E4wkEhQEO26res31xBujAlSLOsDED0g/Tr9rVohfcoYF0kFIY+ox1iXA0D2uPSyy+TCL3xB/f5wHi++9JJTdvX/T595Bu+kB+oscdRddtHdsEQ30m1eXZOcxr7ep85rexN8tHXsqnftF+yWpRvz9db3ddZ4FHWMTVamw2Ea9lZAITpgMtmTGtc1BLth6RmyVECwUx9/p86YiEd3sZ4wz0W8bv1Q5digz2Fm/Ao7DgSp4QsEcmOmsaLikg49De5t/X29Ma+Sbi8cOBZizawAyG7md436mY/l945al0E1CscXF4fdxj5WLv4uoc4SR90BiTPT8DIIPXVyoQuWYbpifVOtDTL2xQEAAADgls3T8IZQixEWFZeotUG+qdYGKSouma9nyoqIuzgAMtE7774rnX/5C+9NHKizxFF3ANIpZ7pgyXDKbIq1IvlP+vt6WX0cQEaIt0tMLOiCFT+6YCWOLljIF3TBSr1c6oJl1gYxQccXUjUrFgAAAIDE5FQAIrorljUr1vpMWKAQAAAAwLCcGQNi6+/rXa2zH8eLiJoOd37mlA5AvqP7Svyos8RRdwAyTU4GINoSPR7k+KLiklvjmZoXAFJlrKf+zkbUWeKoOwCZKOe6YBl6gUJ7al4GpAMAAABjLKdmwfKish96at59IrKwv693S+aVEgAAAJmAWbBSL+cDEBn+IKmB6afpIGRGLOuDAMBojVX3l2zu80+dJY66A5KDACT1cnkMiG2JtT6IWrBwIUEIgHRId+MsF/r8U2eJo+4AZIOcHQNi08HGEp0BOV4HIVMyp4QAAABAfsiXDIgKQraozIcKPqwghEwIgKzidceZLjCRUWeJo+4ApELeBCDyXhCiMiFPE4QAyEY0/uJHnSWOugOQCnnRBcumV0r/It2xAAAAgPTLuwBEhoOQ9WpKXisI6SgqLmG1dAAAACDF8mIa3nB00PGInh1Lua6/r3d15pUUQDZiWtT4UWeJo+6A5GAa3tTL6wBEhj9kqvuVyoh8Rj+1W62grrtqAQAAII8QgKRe3gcghh6crgKRyfopFYioVdSfYfV0AACA/EAAknoEIBadDblcPybHvGMS8WEHssO3Vl6V1788b1l7U9TfVaOpo1iODwCpQACSenk1DW80ejpeNQZkdVFxycV6oPp8PVAdAEJ84+rr8rJCbr9xVczbJlJH8RwfAJB9CEDC0DNlrU/X+Uy0DQAAAOSyvJyGFwAAAMDYIAOCuHVWVa4RkRoRKbf2bReRZhFpnL65pdV9zM6qyuV6n2r9lNqmSW/fY20X87E7qypN1qh5+uaWxa7zjXits6pykzn/9M0tUft1dlZV1orIGuupFdM3tzS6tglX3lZd3uYIx1flqRCRUuvpVv2on765pd1dbg9e1x613FHOb+q63WP7kPpznat9+uaWWa59zPtQN31zS73rNVVny/UxK6y6a7avHwAA5BYCECSiwtXgFv29E2R0VlUuNoFCZ1WlatxushqYRoV+mO17rOdjOnYauMusGsruhny48pbr8i6bvrmlKUxRvYIKu14qE2yEx1LuaOev7ayq9AxcIihXgWYs+3gESYZ5r1vDlBkA4EI3bmQbumBhVNSdcH03vE4fRwUctdYxG6wGsboDXqYfZnv12gavMsRw7FSr0cc3WYxwWYhw5ZUYy9us9yuzGt2luiHuttj1qPPYJq5yu85vH69BZyniEfV6XcFHj/5cmOtaoTNjYTNHAAAgu5EBQVKo7jW6m1W5aQDrxqtpDDdN39xiN27V9hWmW1ZnVWV1uO5KXsdOtc6qSvs8jboRXxqpnK7yVru6FkWls0Ar9LWK177Rzj3Kcvfo90WsAGF5mCAnnIhZEJ0RM0GKOp9XRovMBwAkYG93N9WWBFPKyrL+GjIdGRAkk7u7kN0Y9uqGZD8XraGe7vEA9pgEu4EcLZtgmHEVcZVbN9CN0XS/SrTc4hqrEet+7VZ5I2VBaqy6qU9jdzoAAJAhCECQTKa7jmmIBoMKr3EQrueiNXTdx061YDcmPQ7DnDdqg1x3MTLXHvPdfB182OMiRtSZymS4Hu4uUgmX28VkS2LN4JTrrlSisyDhMlX28cKNjQEAADmMLlgYNavhbBrDpvFamsJjp4xu1LsDnmbdHalCve41ONya8cmod8/8FEa1a98ePWuU17Vucn1fZxr+iZY7WVS3Kx18lev3zCvACAZMdlm8ZvqKZaYy5CfXz0vIZAn2GCP7M+Tx82mr0z93Dfq54Kxtuqtoi36+Z/rmljLrmN3691xwBji9/XIr29ejfxbqzGQbUWagq3fNDBjrrHYxzSAY66x68c7wp6+71nT71Ns2xvg7EECeIQOCUdF/1LutAdM9yerDn8pjR2HfvTd/ZBPpzjSaxn4iXZOSVW6xGkY9UbZzs7MgXoPogWRL1sQU4X5W7AZ4qck66psj5uekWd5rhG/Sv7PMa6VWQGIf332DxjTgN7m6YnrNaucl0gyCm3TZ4hHueDX6eMHrsa7b7mLp3IhIYCILAHmAAATJ0qobn7Osfv3BO2ReXXJcz0XKbHgdW2JsHMfbgBbXH/wWHQg1WM95NgCsmaRMGWOdRcrMQlWpy1sabWYw62HfXUyo3G668WOOFVcgpO/MmsCrxuN9tddxqbH2W6zrgNmvEK94g91Wj9nkmvTvFvP7wv659WqEi+vnzXyu11gN8Dp97GX6xolXRtCegc68XuGaAS/eWe3imUEwlln1Ypnhz77uFdaMdqznA8ATXbAwKlG6ydiN1xqPP8ARA5AYuuC06j/GqgtTqdW9oca1TbyizbQVtgGgytBZVVlvBRA1VlYgItUA6qyqbNR/2MtjmbnKJeFyu9iNn0QCghX6bmi1RwDYbDVc1FojzXZ3k2xz+42rsrXouaY2juxoT4SfK/M7xQ463D83FfpzbAcg7uCg2XVzIOJ4J/17o876Ga7WM9IlPKudxDCDYJy/XyLN8GdfN7PYAYiKAAQpo/64qQam/uNUo/symz9Oy10DphMJFJqsP3yb9B/wUtddf88//PqPqK1HBwD2H+l6e+rgzqrKDaaLQZQGgP18dawBiGbXQ4U7APAot6nnUZfbmjY5uLJ5Il3eXO97aYTXKnSmptG67pjGDY0vLh7TRbcG+vp8t6y9iTEqY898lmJeBDMKczyxflZMQ7vONR4tOOOcdZe/Xb+uborUxjP+QR1DT4FtizSrXazBQ7tHFmc0vGb4s687Ge8DgBxHAIJUW2athL7GY/XrVr1N3PSg5+XW6t0jBmhHSP+7t23W3Qa87mra39t3KMOtW6LuZrbqYyU6+5SECV7c5VZ8oyy3exC86AbFslFkJ+qsgbtu9meiPMyK6EAsmvVnyIx1iKXhW+oRyLfqz7rdyC+3xnnYv0fKXV/tfRqtz/Ma/fsppoHYru6adjdGMbPadVZVBhv6MdaPeExMYZ/TfZz2SF2mIszwZ193g77ueq/ZDwFAGAOCVNN/1E3fYvsPdavpIz3KLjjm2PYfzWbdeE5k9hXzB9+rm0azx3bhRBz/Eo6rEVTtGoya7HK7Gxo9elvVhapyNGt06H09G4PWZ2KFPp/9/rebGYNiOY/KRKTzkWh9IKXMz3lFjGNBzM0K++E15qk0TAai2jpOyD76d479e8cMxG6J9LOsgw973FdrhFntzLVGzGqo83VWVTZEmUHQXQ+ev6vUDQp9k8IEGSEz/Hlct6qbDfr8ADCCLxAY054M0IqKS5w3or+vl0YOEIXpgpXuoGCszputvrXyqsA3rr4u7tKrsTWRurhZGbs6PS5hp25ot9t34+OYhnexCdxVsGB1f2zWx6rTxzXLTC+2spEjgnUdHNS6xlOpTMiKGMpiBskvtxr8lbqL6HKri6l7+uFI0+v26GtsjbKdPf1wpO3CTQVc7THjl+e2SC7ThmAl9OQwK6HTJksdumABgBZubAkBR8ar1w3zWGedWxzhddN9stTOQOiulT2uzEiPV6ZQd2Naocc3bdL71OisX9hy2YPXXdPmtniMD6mOocuZ59oiVjlj+lyr7XQGx2SLGvQEEu2u7ZxrcAVKsZQTQJ4hAAEAZDU9HqxGN3ZHuy6ICSgqrO6BrdbXaiuzEXEguM44tHpNyGD2jxAMjWY2vqQHzPHM8KffDxOAjHpBWgC5hwAEY0510+BdyA3MDIUxVB+hoW/zGoRuZzLcs031WHf63dP0urteNeigxawpYk9EEfOA7CTNxhfLeTxn1Yuwi+ckGR7XHesaTwDyFAEIMkIi/cSRWVgTA2NJT/HcFEPmwGvGPDMLnsla9FiBjB1kuCducDeua8IEQD1xTsc96tn4YhRuVj1PEWb4C3fdYSejAJDfmAULAJArYpo9LQZ20GE38N1jHuyV/Ut1kOHevjGBWeWSNRtfKoTM8BfhupMxyyGAHEUGBACQVcKNcdBdpcK9FnP3wHDjMnQwEO74JssRNdMRrSzTN7fMivCa5zVGGViftO10dzB3oBfTdQOAQQACIO+M9UrqAADkM7pgAQAAAEgbAhAAAAAAaUMAAgAAACBtCEAAAAAApA0BCAAAAIC0YRYsADmL2a5yU2dV5Rq9Bka5dYHtei2KRq81NzqrKpfrfcwCeq16dfJGe62KeI7dWVVpPl/N7mlrvV7rrKrcZM4fy7TAnVWVtSKyxnpqxfTNLY2ubcKVt1WXN+xChbo8Fa5FBFv1tdaberHL7cF9fV7Ha9XHa4+lHkb5XvVY52y0VrE3+4R9z6xzV1ur6vfoc9e5zh31vYnlfNZ2qt5qrfO26/IzvTFyEhkQAEC2qXA1OkV/rxqPm3RjzqEWyuusqmwRkQZXI7pCNyA36cX07OdjOnYauM/lFQSEK2+NLm+kxQqrPVYwNw1hd73EItzxVN21dFZVussZIknvVanet1afc3ksBXed217ZvVSX3133sbw3MdGfqU2u86rrWhOtzoBsRQACAMha6g66votuFscr1Y1Po8FqLKq7yWX6YbZXr23wuv4Yjp1qJngwWYyIjVyP8kqM5W3W+5Xpu/1iBQ5ui10Pr9Xn7eOZrEBpmOPZkvFezXK9Xw0xNuI3WedW9b1CX+cynb1pcm0f13sTxRor8DDnXWFnjYBcQxcsZITbb1zFGwEgYaqrir7bbe7+i254moZik17F26jXd56drj6dVZXV4boreR071VyZi0aTXYhUTld5TTeimDM2qotRZ1VlnXWN1e4VzqOd23081ZC2shBhy5LE96pdby9WF6nlYQIlc+7lVtnUuZe5NmlybZ/wexOGCV6avbpxAbkoJwKQrjlzp4jIrSKyREQmZ0CRlH0i8oiIXD51x/a9GVCejHXL2pui9oUGgBi0u7rk2A1F9x1s85zZpsK6m+3FfexUMw1iM57DqI5STsPcUY/rDrpqwOvGe1K4ukxFKksy3yvRgYEJQKJlJ+zXwwYqltG+N27ms6WCq+UEIcgHWR+A6ODjGRHpEJGFU3ds35IBxVLlmi8iq1XZuubMXUgQAgApZwIE09AN3nH36ELjPGc1tkfc7XdxHzvVgl18dFAQbKRGO68eIG2uPa7GrKu70ohr1ZkVW3u4bkI6+LAHansFFkYy3yuTzWmOMQsUHOweY5enhN+bMOxgqUFnZLy6fQE5IxfGgFyugo+pO7YvyZTgQ1FlUWXSgdHlGVAkIGep2a68Hrzj+UEPIG6wggRzFzreQdQjRDh2yuggwB3wmPNWhBvToGZc0rMumcZsfTyzKOnj2mMsRswmpsdK2A+vLmnVuhzduvtTj54lKlLdjfq9GgVz7p5oh0j0vYlEv0f2++SMddGfOyAn5UIXrIt116sQXXPmejU+2qfu2K4GqKnXG/QvxsqpO7YHf8l2zZlrBqLNmrpje4+97dQd2336e/ULZmeEMjVP3bHdTLe3WnfFWp28S85P1nSG4p7y0J4S0Z7W0bWPW53+g2N+ydeZP9a6v3GLfr5n+uaWMuuY3WaaxOmbW2a5DxpmKspEpght9ppGMso+I6aqlDBTQeq7kzvtwY+qTvXz5th2VwOmhETG8fgZ74n3rn84qTx2FHaj3jRu3V19YilHrNmaao9rbY2SsYiXVzCTajEHFlosQVCy3psQasyLztgst86xvLOqspUuWchFuZABOSZC5sPMZGEeIYPa9C+lYHq4a85cM2iv3gQfXqbu2N7uOq77XMFGmi7bMSm47nyXrJlo3H84DPsuVqm5q6Ub5+aPVLi7eV5TUZZbU1HGOkVorXv7GPbxmqoynFqrnE1W8LFJH8c+L1NCItO16t+9s6wgP/gz6jUdreu5SHfnvY4tMTZsY2382uyfvRYdHNh3wz27+lgzT5kyxjoDlK1Z34ypdN/IEGu2KevhdVPCzIJVqa+/NNzsVa7zOkb5Xpnty616jBb8xJPBSOi9iYXKEOkB8CuScTwgk+X6LFgq4+F550AFEV1z5qpfnGtU4DF1x/Zm/UukdeqO7VHv8trH1RmSsOdCSpTHOViv1WNwYbvuv2v+QNp/eLzm1W93/fGJ+kdNZRusftBmJpjl1h+YBldf7Trdd7nWmppRBRSzrMaAe6rKeuu4a6ypKiMtelVtBXHtVnlCZoOx7uQ5GR2mhESmibKgn/0zWuNxRz9iozaGxQJbzaJ16ufcWrivxrVNvKLNtBW2Uap/f9RbDf6aaOMloi2SlygVrHVWVTbq3zXlUWaJGtV75WFNHNs3W3W6Rk+9G07C702s9M0gE9SMZdc0IGXyehpeFWh0zZm7XAchjbqRmfRfwkiZ2jhS3T1R/vBVu4IOr0Wnml0BSEx9wT2mojTZlHLXYMYV1j72NJKmS1R9sqaqdP1xXmYFN8Hrdk1FmfJ+79nmWyuvyusxJtkwe536/FsDkWt0YG9+Zyx3/fwlEig0WT8zm/QUtqWuO+Ke3Zg8BnP36Aa73cCtt3/GO6sqN5jF6qL8fNvPRx2wHQ+Pckebmteu17CzVyXrvbJWFDfbt8fwd6LRygjX6G60TVYXtmrdRWo0701puAH8OtgwK7j3JBBsAVmHdUCG74pv0H8wGnUmBJnN/JGKNwsSTvDul/WHwwQadbqxboKT4JiIeLIBYaaidM8l7+aeRrI+GVNVumbIqXP9MW+3ttugXyfrEcY3rr4uI8uValm2bs8ya5G5Na7gW3SjL9Id77D0nWqTNTSrWdsi/fy4t23WN8Ai3eRodq3REa4xr7IgrfpYye7C4y63EikYjScYSvi9CjPer911g8WTrq/F+txmJfWQetOZnNG8N56fD+v3ulemozVNY46AtMv1ldCXq8Ho1mPEjBJTd2xvsvroMuVddmi2GsrRVtY1nLtProf5hW83wMutcR52w6Hc9TXmu6X6ePZnz+7WZHh1/+jxWGU36lSV1rdeDY9yu+uVR/9te3/1R3GnCkS87npmkoG+Pl8qH5l87YhM/xyZFbvtn1vTLXNxtAZqFObY9u+LZt3wTSTzYBqxXlnbZo/twok4piJddN2aeq+OND4tgffKK7gzg+fVpBruMTth6e3MKup2PbdbvxeT9d4E6fqo9zhnMj6bQMbK9QxIs+tuy4hfVroLVqkOQmpJd2aNejMWwuraFInX3afF+v22/0CVhllkyh0AxPJHzT2zTKsr4xD8QxzHH5nR9gcOGefi7iqgu0GssLp+if5jqrolNNrdxICxEu94Bf3z5Z7qNNy2Y3psr5n1rNfa3dmGcMfU3YMiLqoXwxiXiOeI9XhqQLvrqbDHi7M+V7gGbCdcxhjPHdd7E+18lpiuF8gluZ4BUQPDm61HSADSNWeuGRzcqH9RV3fNmTtmd4oQO93tyryfo5oRy32HzgoyQoITVxYgkUC1Ip47Yylkl93dxcHU7SyPu7rLYwz20ibc+h+pemTStQMAkK1yPQCJxtzlrdczWKnGZoMOTJD5zB2jWKaZbPaYPtJuiNtZieAiUzo4MdkJE5j0xJjWb7amxTR3IpfrMRgSw7STpVbmpTnGfaINXmzXfaiD3cC8ggp13ar7iL4ba99FZUpIAAAwKrkegJSrLlb2w7zQNWduhZlZyMqMmBlMkrXGBFJI36k3jezRvmcmoKiQkeM8zFfz+Ykr+2Ea89ZT9sKBhldmwX7Oa8Err2xK1ADE6mZgrInSL9veNiOC81SP+Yj2yIAqAICcccN1q+XrKzIqwY4Uy4UxILu75sydH2YxwhEzWXTNmWu6Yq3Rd7btRQObu+bMVYPNatW0vO4uW4lQZVNlTNG1Y/j981r4z81rCkQ7k+FekLDHmr3GPU1vXNN16sa9HSA5+7umnazWUzG61wERe/XlZE1Vqad+bNT72NP81urrbNXZklKmhAQApMpP77lHXnzxRfnxT++jjvNILgQg60VktYgssZ+cumN7xLuUU3ds9xwEN3XH9hFT/E3dsT3iQLco51qty4gU0A3yphjGVngNQjfTXpoFs3qsQMZzalprv1i4B6Gb49oZBXvayeW6i5a9fY/HTCjJmla0zpr+cY2ux0jjVJgSEgCyiGrc37x2rWzdtm1EoY+bN0+uXLlSLrrkEme7u35wlxw40CuHT50q5y5dKpdecUVw27/u2SPrbrpJXn7lFXmrq0smTCiRT599tnx71ergNiqD8ezz/yV33HmnnLpoUch5bOr4Tz3/fLBsFDCuUAAAIABJREFURvWiRXL+ectCjonclQsByK0i8kzXnLmPqMZ+mExI2unMh/opmiEiF2dCmXJYXZIGd7d6jLkQdwASw/iPVtcUu2aQuzpmox1MWPPPm+yFPcuW2d59/kj7NLnPEY61YrIJYNboc5qZwEww1uxVdgBAZnt7//6I5TOvq68q+Pj5Aw/IM5s3S8Pdd8uH5893AgkVfJz/2c/K4YdPlSuuuELKZ8+Wrq6uEcd6tbXVCUwef+yxkABEUYHFZ85Z6vz/iGnTQs6tzmmY15D7sj4Ambpj+96uOXMXWoHI5AwolrJPRFRQtFCVMQPKk/UiTPHoOf2hxDHNpESezrI5ykJb7u3dU05G2z7maScT3SdC3XkdgywHAOShvz/uOOehApCO9nYnkFCZD2XDw4+ErZBfbdzoBDAq0Ghu3jzi9cmTJjvH9RLueeS2nFgHRDfwyTIAAACMguoapVSceKLzVXW7qq6uinjAJ5/4jVR85AQny/HAgxucgOTspUt5GxBWvk/DCwAAAD1eQ43L+NAH5wS7Q6kxHyqDEYnqfrVo0elONkPt++ILL4RsrTIq6tjq4Z7tyjyvHipwQX7I9ZXQASBlbr9xFZULIGeo8RhqfMdNa26U2pXfknvv/5kzrmPf/n1hL9F0v1KBixlU/tZboWNEvMaAGPYYELpj5Q8CEABIwC1rb2I9kBgQpAHZwwQAr2/Z4mQtlBMrKpxxHeFmp1Ldr1TWY9V1/+Z8397WJtdce6089/TTwcHojAGBGwEIACAlCNKAzPDG1q3BcqgMxJFhZptS26kMyOO/edwJKpSvXHqZXPKlL8qyc5bIhRde5MyCpYKMyaWlToDxxrbtzhgRE0ior+vWrfOcDSvcOWMpG3ILAQgApMH44mL3mjBJlYsrtFNniaPuoBw2aZLz9XPnnx+sj9MWnCLfb2gMed3eTnW5mvuhD0n92luc51RAcc+P75Uf3nmHE1ioMSFmrRDRY0RM9yrjYx/9qDN4XVzlsEUrG3KbLxBI6e8oxKiouMR5I/r7evmlDuQgGoTxo84SR93lF9OG2Nvdne9VkRRTysqcw9AmSx0yIACQRsluuKW6oZkJqLPEUXcAMhEBCACkWbIacfl0F5o6Sxx1ByDTsA4IAAAAgLQhAAEAAACQNgQgAJCBTpw/X3bv3MlbEwfqLHHUHYB0IgABgAxz6IQJ8ouHHpLp73sfb02MqLPEUXcA0o0ABAAyzKprrpXfvvYab0scqLPEUXcA0o0ABAAyyKIFp8gpC06RdbfdytsSI+oscdQdgLHANLwAkCFUV5j1638iZ5xxhhw6cSJvSwyos8RRdwDGChkQAMgQt69bJ9dcfbVs/+MfeUtiRJ0ljroDMFYIQAAgA1ywbJlTiPs3bODtiBF1ljjqDsBY8gUCSVkgFaNUVFzivBH9fb2sNAvkILMatVpN2mtl6v9+7jmp/OhHPS/83HOWyC8f/82I5+1j5eIq1dRZ4qi7/GLaEHu7u/O9KpJiSlmZcxjaZKnDGBAAyAD/eOqpIYVQ6zK8+NJLqiHJ2xMGdZY46g7AWKILFgAAAIC0IQABgAz0zrvvSudf/sJbEwfqLHHUHYB0YgxIhmAMCJDbovXJT0S+jwFJBGNAEscYkMzFGJDkYgxI6pEBAQAAAJA2DEJH1jJ3fJBbuOMEAEBuIwABgDSj+0r8qLPEUXcAMg0BCLIefV5zg+lzm+uS1R8/n1BniaPuAGQiApAMk0vdisa6K82ePXukrvZf5PEnN0lvX5+UFBfLGYsXS/1N35Np06aNZdEAAADyFgEIcpIKPj555pkyeEiJHH/VbfLujOOl5HfPyauP3SufOPNMefLxxwlCkFZ0g4kfdZY46g5AJiMAyTDbt23L+muYO2/emJfhsku/JgWlh8uHbvm1DPlFioaGZO8hJXL4zPmyv7FWLr30a/KLXzw05uVEbhur7i/Z3PikzhJH3QHIFgQgyDm/fe01efKpp+T0u34tPuefX8YVFsqkSVPkncJxMnXJV2XTvy93tjv+hBP4ACCl0t04y4U+/9RZ4qg7ANmAdUCQczY9+aSUzz9RDr5vrvgDAQmITwYGB53/i69Aht53rBzzDyc42wEAACC9yIAg57z5lz/LxOkz5ODgoByi7s0FAuLz+cTnK5Bx48bJwaISOfSo9zvbAdnG644zXWAio84SR90BSAUCEOQkX8AvBwcOymBfn/gKCuXAgXel/2CvyNCgjD/wjvT7+PuJ7ETjL37UWeKoOwCpQBcs5Jyj3/d+6d65XUR1u/L7ZWCg37nEgN8vBQP94isokJ6OHc52AAAASC8CEOScCy++WN7csU0mtv9W+vr75UBvr/S/3SPj+g+I+HxS+H875S9/3O5sBwAAgPSiCxZyjlrf46xPfUq23F8vZd/+qdMdKxDwi6+vV4YOvCt/+fktzuusA4J0YJag+FFniaPuAGQDXyDA76pMYFZAz6V1QFK9Erqps73d3SNeUwsRnqEWIiwqlmmLlsrBOR+TQ9pa5H+bN8i4gYMsRJiBppSVOYUa6xX0ASDbRPp7iPjx9yj16IKFnKSCi988/rgsrDxBOh5qkK0rPy0dTXfJwsqPEHwAAACMIbpgIWepIOP7d9zJGwwAAJBByIAAEZy+YIEcN2+e81D//+k99wQ3Ns/brxu/2rgxuO/HKyvk6pUro+6jPPf0087zX1+xfEShIpXF7LvsnCXO+cx51XNqu+N0tzjD6zn7utzHtp8z+9qPG65bHXZfs49dri9e8Hn56549fPQAAMhDZECQEy7/xmXOZWz57W+Dl/O//7dH/u9vfwu5vKOOOEL+7qj3ul9NnDBRjj12tvP/W2+/Y0RVvNXVJeeft0w+c85SefThjXLz2rUyo7xcTl20yHndvKYcobt1qUb/NddeKyv++Z9lYVWVtLe1Sfns2cFjeu1jPP7YYzJhQom82toaV1lUwKPOqV6/7BvflKlTp0rrq686r72+ZcuIY729f3/Et93rdfOc+frzBx4IvmZfR7h9Dxzodfbp6uqS1d/5jtSu/Jbce//PIpYDAADkHgIQ5ATVkD3pn5bK+0/5lAwWHiI9hUVyzOCQHDW7UgonTBJ/f59aCESKdr8ugQP75ciiQikq8Mk7f+uUP3TtkRcff9gzAFEmT5osf3/ccc7jgQc3SEd7ezAAMa/Z1OvKpVdc4Xx1v+61j/HyK6/Ip88+2zmPCirOXro0prJ894bvOsHHt1etDm4b7hzJksjxzT7nLl0qDXffndLyAQCAzEQAgpzxbtUXpXf8eAlMOVKkYJwU9u6XAvGJX11g0SFS4B+S/vL5In6/vDk0JP7BAfH/3YeHL//xh6NWw53r1jnZiTPOOividur1u35wl9Md6sILLxoRRISjAg6V5fjyV74qW7ZskSef+E3Yfe2yqP1UdkHtly327d/nlB8AAOQfxoAgZ4ybMNEJPnyHlKi58GXwsDLxT5oq/sPKRCYcJv4Jk0SKDxVfyaHiKyqWwvHjpaCwUKJNRa3u1KuxC+rrNd++Ro60uhuZ1+xxG+r1m753s/N/1S3qrE9+Qt7YujXiPsqLL7wgH/rgHGf/0049zbMblldZ/rR7d/C8kdhjNqJlH+wyRhorYh4qCIqFqge1bXPzZjmxooIfPgAA8hAZEOQMX8E4J/MxrrBQxhUUSOEhh8iQynSIyJCvRHxDgxIoHC8FA33iP8QnBRIQn1+9OhixCsy4i+tWfUc2bnwoJCsRbjyH6halHqrBXfsvVzr7bnj4kYj7qO5XKgNiN/jd3bC8yvKBY45xXlODuiMFId+9/vrg/1Ww85+PPx5220+deaacdPLJwe9VIOVmjwGJtTvW584/38l8LDptoVxx1VUx7QMAAHILAQhyRkACTlDhD4gEfL7h4MNkN/x+J9NR4GwlzmKEQ4P9EvAPia8gciLQjLs466yznYHfdkM/0ngO0Q3zM884MyTj4LWPGriugo877rzTGUCuqMBFBQp2AOJVlo+dfLLTqP/RD38QMgbEzT6OyZqEc/TRR4ds7xWAJDIGZGsOLLQJAABGhwAEOcMX8Is/4Je//etSOer6jU7woYIRNfh8OOwIiF8FHCoTEgjI3+64Qg7/6s0yNBg5A2JUnHii87+XraBAjWWwu1epRrkKJtTgcLW9mvHp2eeedbpWGV77qNmvPvD+o4OD25WTTjrJ6aoUS1ku/PwFTpDz9v635cyzzgrOgnXRJZek7O21r0FlckxQ5nV9AIDUMyt4IznMCvMIlYwV4glAkDNUUKEef/797+SoaBelBqLv2C5TY7j4wyZNcr6qhvThU6fK669vDQYgaiYq9TDUHf59PT2yYcODToZCZSbmfuhDUr/2luA2Xvuo7lfV1VUh5z3l1NOc7VRAYwKTcGVRM26prlj33fdTuepfrnS2Ua+rQMXs43VN0a7Z6znzVXWnMk5bcIp8v6Ex7PVFOx8AAMgfvmgDcJEeJsrengNdVObqMQzJiJAjMXW2t7tbJpeVykfu2iyBiZPltS9USsWG34t/cFACvgIJ+AedrIfD75eC/l6RgYPyP5dWy/xbfy2D/Qfld1edI/u6e1JZXERh7tyl+nMDAADiZ9pdZEAAS0AFF4MDzhOBgX41Kj0k+FCvBYaGv/c7g8/FGSdCEA4AAJA+TMOL3OH361mtZHjshxrvob83g9ALzcXqoIMfAAAAgPQiA4KcEdCLCyoFKtMxeFCGCsdJ4cFeCRSOGx587h/eRm0retwIAAAA0ocbwMghAQkM9juXU3jwXeerb+Cg+FWwMTTgZET8A/0SUGNDZDjwGAr4+QAAAACkERkQ5Aw1BsSnAwpnRqzBfifCVlPzBgaHnCl4xRkP4nO6ZImOwAlBAAAA0ocABDlDBRiBweGJGfxDAzJ0sE8KxhcND0gvKBxeD0SPBQlYgQoAAADShwAEOcP/xI+Dl9K/8TaRggIZUgGHynn49BrogYD4VAZEd8EKPHkvHwAAAIA0IgBBTni2+SnZ2zs8/uPNcz4lR3/gmKiXZW9XevXlfBAAAADSgAAEOWH+R0547zJO/lhslxTrdgAAAEgaZsECAAAAkDZkQJD1ppSV8SYCAABkCTIgAAAAANKGDAiyVn9fr493DwAAILuQAQEAAACQNgQgAAAAANKGAAQAAABA2hCAAAAAAEgbBqEDAAAASTa+uDgwlnU60NeXsZP1EIAgK31r5VUJ/VDfsvamlPwwZlp5JEPLBAAAQACCrPWNq6+Lq+i337gqpZeaaeWRDC0TAAD5JN2ZiLHOvMSCMSAAAAAA0oYMCAAAAJAlwmU4MnnMhxsZEAAAAABpQwACAAAAIG0IQAAAAACkDQEIAAAAgLQhAAEAAACQNsyCBQAAAGSYbFjPI1FkQAAAAACkDQEIAAAAgLQhAAEAAACQNgQgAAAAANKGAAQAAABA2jALFgAAADBGcnm2q3DIgAAAAABIGwIQAAAAAGlDFywAafGtlVcllGK+Ze1NPt4hAAByBwEIgLT5xtXXxXWq229cxZsDAECOoQsWAAAAgLQhAwIAAACkWD7OdhUOGRAAAAAAaUMAAgAAACBt6IIFAGmQ6tT7QF8fs4UBALICGRAAAAAAaUMGBADSKNmZCgY1AgCyDQEIAKRZsoIGul0BQPbgd/Z76IIFAAAAIG3IgCAjdFZVrhGRGhEpt8rTLiKtItI4fXNLs3mys6oycKX6z3lPjSz6BedJ/9mXySH1yyXwP9tDXrpS7ysizdM3tyyW974Pp2765pZ6vd0mEakQkVJr21b9qJf5pztPeJ3X8H1krhysbXS+KzpvgV2eFdM3tzRa11crIqo+ZPrmlhF3SzqrKpeLSLV+qPL0iEiTLm+PuSbPOtL142Vce4t8cvBNdfzuSMeNYrF5r+zrUOZXVIbdc/zrT4nv1afE98YbEnjzLec534IKOWr8RPu6zfnt90+Vc6f1vjh1qZ9frj9TFfq1dv1Zqo/hOgAASAq6yo5EBgSZosIVfIj+XjUgN3VWVdaMcTmrXcGH6DKrRm7LlHH+0Ry7NpaNVKO6s6qyRUQadL2Y8pjGdnWiBVDBR8Gaa+TDv9shHsdNtO4r7G8+8G6X50ZFP75WfNevEnni2WDwoQSeb5UP9nvvY6m1yttkBR+bdPBjl0F9ntZ0VlW6P2cZ6cT582X3zp3ZUFQAAOJCBgQZx9z1d91Br9V344N8HzpG/J/9Ukjx/Ue8f8TlBK69zvn60BNPymdffWGxvrPvpjIZda7n2j22c+6+60buGt1ALz1+4G9hzxss28RJ4aq6XGU17CxIGJusBnWzro923QCvmL65JaR+9rz/cDnyC1+PWj9KYVOjBPYdMN/W6foo1UGNOe5iaxe7cW8/32r93wQuqqzVM97sHHHeogdudAIPxXf04RJYWCWBGfOGv+/YJn/4w/+GrYzOqspqK3hT9bBC/3+5VTZVdlOvTgZr+uYWr/c1oxw6YYL84qGHZPr73pfpRQUAhMGYj/AIQJCxVFcZ3cisdt9Nd0yYIAMfPj1q8c02HY89K3ZXLpeeCK+NoLokqQav7g4lR76zN+x5Y1RrNZRH0OcJNqqnb25Z5tqmyb1PX9EhMZfBdBvbPet98o+Nj9pdlILHdXWD6/F63nrdzpqo66oueuegBF5/Klimwv/7o8jDv3b+r4KPgdU/Ev9hU9/b68Ony//9blWkYq+x/r9MvydiZ4Jc9RTz+zvWVl1zrfz2tdcIQAAAOYkuWMh0pntNxt211lkQx/6SiZE3Ds80istNMBOG3b3KnakZNRUAKMfs/IvJPI2WPe4imBXxvfFy8LCFrz4R/H/gU0tCg48odBnNOdQYFTvzEvysdFZVbsiWLlfGogWnyCkLTpF1t92aGQUCACDJyIAgY7kamSOzAwcOOIOXbUMzjo+rIWsp1dkWW6t1Vz2E1QXL8YeSI+SDrm3cZVPdn4aOOtZ9qGY9NqFcdx0KlwUxZWuNtQtRcf/BmOtHdX2S+x80367RwdBoBmwHu1+p8nZWVaoyl/u2vxHcwLe7TcyovMETz4rn2OV21yuPMjbpujTlqOmsqmxyT2aQiVTXq/XrfyJnnHGGHDox4aAWAICMRgCCjOMx21K9V0M48Pvdw4OXLYXXXid+V7cjNeOUhM6CtdijIVqhx1jYFnt026l2lU8FKHUdA4c0uMs3omwXnCdDZ48IQJzr0wPLKyJkQUy2xTMg8jLtz2+JxFA/ipoZq+jdt4NdoqwB2zW6vmI+r844mKyDCZZUPS5X75nqeuUEYu8Gx5zEGzTaGQ2VOaq230/1/86qyhU6QDT1ZgIRFYSsGHnIzHD7unVyzdVXy/Y//tEZhA4AQC6iCxayQaYPGm6NYZuw9OBzc43Ruj+5Z+JKmv7zr5YfVS4UVxamwjXWIhb2+A8TGATrqHDbiyMOUfB21Nmu3OzAcET5dJ3O0t3V7M/P8ihd3cbMBcuGh6vcv2FDJhYPAICkIQBBxtGzYJVZjdYGr378al2N/gefD3l4DbpWs1Gpxy9OPFl0VsMrYFBdhXyuh1d3nWZdvkqdjVABgWeL0V22cOtvaCbDE268gilLRaxjGtSA8ljqx7Z3sEB0hqDSyrbEOw2vPWFAi84YBTNEvm2vOV8D844LbjTu1cfiOb4KKJbZs1t5BRUqa6MyZ9M3t8xyjZtJeLriVLr0ssvkwi98Qc2a4jxefOkl52zq/58+84xMLDIAAAkhAEFG0l1+7G5XCa8Dohrd6tExcIjTPSee7kTh6EHPpgFcPmP8wdEer9EKMryyIBHv+Cebvj4TqMWbdYn4XgW2Ds+4ZabbVXz/+Ug8WZB2j8/HGntSADdXF76UZZFG4x9PPVUtVhV8nPTxjztHU///5eO/ycQiAwCQEMaAIJPZje5qV4PTcxB6YOIkGSwPv+J2BF6D0Htcsyu5BV+bNvjOiBfdZZPoU/PWh1nwUHSwYxbdq9ErszdZ3YvUOIiQ2bG8BqGHqx+1GKBMmCgfGn/ArK9RYWUKRkzxG45r+t16u0zPXFoTmPP7XSL7ht83VReHfOQBZwpgtQDh+NVfHrEOyFHjB8OeSw9ubzRrseiv9XrygnL9/ph1Ury6hQEAgDFAAIKMpe5yd1ZVtroaw0Feg9ALPjJXBmsTCkC8BqE3uxbZcws2ZD+w/60RL7rL5ngwfACiB083eWUQdF0s1mU0CwSG1IkeYB0c7+A1CD1s/bz0qhMY6Lmo7HpwZxqisbtfhTT0/zRxqsyRXc7/nel4VWbqazfK+Ju/6byXziro9z8o9qpNR1VEfS/rrFXh1+j6q4iQhWmNtN5KJnnn3Xel8y9/yYaiAgAQF7pgIdPZi98l3A0rFXQ3ICcLotbPSGAgtZewa3zobIwZz2A37tvjyVK4OeU++2xnTI3rmKqhXhklC+Rm3qMRCzt2+A4N/t/36ivOVzX71cHr7hdZ8WXxLagQmTxheIPJE5zy7C04JOLJvLpi6bppds0Y1qzrLa4ZvcaSmgnrmFmzsqGoAADExRcIuGc8xVgoKi5x3ojt27Zlff3PnTfchaa/r9cXdeMEfWvlVYFvXH1dXDvffuMquWXtTSkpU6aVJxPLlIl1lE7ji4udn/GBvj6f+f9o2cdS/8+FegIAZCbTVk1G+44MCAAAAIC0YQwIAKQZ2QoAQD4jAAGANEpW9ysAALIVXbAAAAAApA0ZEABIA7pdAQAwjAAEAFJkrLpbEewAADIZAQgApFC6gwHGmADA6JjpZpE6jAEBAAAAkDZkQAAgi3hlOOhyBQDJl8oFlfMdAQgAZBGCDQBAtqMLFgAAAIC0IQABAAAAkDZ0wQKAFGJWKgAAQhGAAECKMF4DAICR6IIFAAAAIG0IQAAAAACkDQEIAAAAgLQhAAEAAACQNgQgAAAAANImLbNg+Xz/v717AY6quuM4/t9ReRQFNoJVqTSrQQRUosFCpTAFCaiDj+KAWqFaSiMqih3qBG1LrS9MfdQqyKNItdWqMFKlrS2FwY6MVipo1AoigaT4BCURkAapznb+x3uWm917NyRkL3fvfj8zO5vc57kXZ7y/nPM/N1Yw01Amk0lmvQEAAAB8BDYNb3VxaeT/DUrrqkPQCgAAACC8GIIFAAAAIDCheBFh/9pXM5bVVIyT3cs3ZmyTvtytw8Ae0n38xVI0eoLsfm2VbPvdQtm5JLNX4pBu7SV+yTDpNma8HNK1uzT8bZFsvfdR+eLjz5psV/L0/dKp/5DU73rMT1Y8Kw1PPJexLYJ3/8yfh+quh609wj0CAAAhFEsmc1+eoTUg2YZgtUUA0VBx0t+XyqHxo5os33DJaNmz+r0myxKP3CKdh57XZJmGi5oLr/Nsl65TNox8OO8O2Xrn4ow26BCs1taAtOvQ0fxDrF+3rjW7h0qfvn1Nc/buaaQeBgAA5BX7TMZzTO6EagiWhovXEqeZj18vh59uk8434WPn838y+9f/+fdmS+0RcetU3suEj88btplwoh/9WcNF/PLBnkf/YPYDJpzYY8ZHXpCDqwcAAACiLzI1IDYUbH9mifne8dxK863Dsdy6DBtqftNhV9ozop+PFy0wyw4fMDDrOeqX/sl8t0/0y92FAAAAABEWihqQA6XDr2wo2P38+ibf6rDeXeV/Gz4xP3+lb3/z3bjhrdT6xre/7G3p1O/0rC055IhO5lt7TNA824WJ/EKXMwAAyKVI9IB0OK1n6mdbHO4uEm/Xs3vqZ1vHsff9fSHii127zXdzPRtHXjDGfGvvCQAAAICWC1UPSMn8fQ/2WscRFsdcc60cemORCSja+/HRI0+Fpm1hFIVC+kJkJw8AAADIpUgMwco191S82vthh3MBAAAAaJnQzoLVEnte3ZLaWutB3N+Stt5Oqdvu2H3T9dqf7TqvdulsWar7pVN8Z8sCAAAAkF0kakC03sMWhnca2qfJty5314N89k6d+W53zLGpZfZnu86LzpalU/yqjr1PCuKyAAAAgMiJzDS8tjDcFop3GTa8yXLr0zWrzU/dxk0yb07Xj/4srnV+dr38olnTvsfXA7suAAAAIEryLoBoobq+oVw/+lJByxaG60sGdZ19/0d6wXjDIy+YoVb60sLeT/zZfPRnXabrstn7/oepcwAAAABoucj0gGhhuNZp2GFSGii0dsOrYLx20g3y0eOzzPAsM6vV47PMsuY0vrlviJb2nAAAAABomVgymft3xcVisWR1cWnk/2lK66olmUy26iVu9qV9TGGLg8VOw8uLCAEAhcw+k/H/w9yJTA8IAAAAgPAjgAAAAAAIDAEEAAAAQGAi8Sb0zmNKpd2xR8sRZ5wp7Y87Xton+qXWfVb7pux+8xVp3LBOdix/ibeYAwAAAAdR3gaQw3p3lS7lg+SrE39kptH1o2HEBJLRIj2miZnxauu9jzZ5OSEAAACAYORlAOk25exmg4ef7pdOkfjZ42TTVRPN280BAAAABCfvakD0/Rs9ps1sVfiwdN8T5iyUQ7q1b+vmAQAAAMgi7wKI9lroSwYPlIaQnvf85GBfDgAAAFBQ8nIWrO1/fNJzuQYTfRO6fvYnpHQeeh5vNAcAAAAClJc1IDv/skY+n7rN9GJ83rBNti78lecMV1qofvSUiVI0eoLvsboMO1P2rF4cQKsBAAAA5GUA0RmsGv62SL7YuVM+XrDUd0YrDSTvXHuvHNq5q+nt8PKVPqeICAEEAAAACELevohQp9Ldeufi/ZpOd/szS3zX+QUTAAAAAG0vbwNIS97jsXNJdU7bAgAAAGD/ROJN6Ghq1PDhctXkyXLhuHFNlj+9aJHMmTtXlq1caX6/9KKLpL6hwfxcFI/LOeeeI9/7wSTPdRdffHHG8W6+cbr8c/W/5I477pCyQYOanOfhhx+Wxj17zO8lJcfLrTOrpOjIIz3btvall+Smm26Sbw78htw8887U8pXLlklVVZVcdtl3U+0S5/oqKysBf4orAAAKK0lEQVRl+KhRGde+6e23Ze7sWbJxY405v5574sRJqfbpvm56bY8/9VTq3rhdcP75cvX112e0uX77dnlozhx55dVXzT3q2KGDjBw5MrWt1/Ht9fxm/vzUPoPPPFNu+OlP+a8XAAAUlIIIINlmutIZs6Jo566dmdeatkwfhPUhe9S558qyZ5+Vxx77g/Trd7J5WE9fpw/nx/Xs2SRoVL/2unmQXrliRZPleh59+H9w7lz5pL5eFi5cID+eep0sfPQxz3bo/nocPZ6XJU8tkdEXfscEmGw0fEy7/nrp1atEfjZjhnQtKpLf/3ah3HrLLXLPfffJCSeeaPa216XizjFtmx50hZC463x2vYaPayoqpOjIuPywokK+nkiYa3TzOr6GLBumBg8ZKv+prTX7AgAAFJq8HYLVEoefcYrv1v9d/0YYmxyYw4843DyY61/v1TtbtqROnW2d/jVfQ4b+5V97ArzovhpMBg4cJO+9/4HvJen+ehw9nh43XVFRXO6/+65mb4mGDd32rl/fb86r59ceFV2mvSLp16Wf9FBjl3utU9rzoWbPX2B6YOw1ugOY1/HtvdOeHF1u9wUAACg0kQ8g+rbzbmPG+67/dC31Iep3Dy0wvRBDzzprv9Y9/4/n5NRTTjZ/6dfeEq/gIE6PwerVL5ltveh+uv8lEyaY4VJ63HTjJ3zPDPXSXoRsNry9UQYMOCNjC12mQ7LagoalIUOGtPhIeu/0Hl5TMcn3XgEAABSCyAeQ+CXDpH2in+c6fVnh7uUbA29TmOiwK61b0O8rrriiyV/93euumzq1yTodLjV48LfMX/E1OKx9+eWMq9J9Lx07Vuq3N8iNM37uedW6n+6vx9aeEq9hWNpboAFm9qwHst45DTLa+5BOl9l6FPd16UfrWNLbbD9eQcHvHG5ex9fr02FhSodiTRx/mRkyBgAAUGgiXQPSqbyX9Jg203f9B7OzP9AWAluvsMQpHD+ltDSjVuLeu38pf332L6mibzv8SutCbOG2hox0Wk+htQ76wF29Zo1n0bgt5HYXb+vx07edfM0UuXryZFMs7kd7GD7d9WnGWl2mxeCWV42G5a4B8Roi5XcON7/j26FaGjxuv+UX5r7qUC4AAIBCEtkeEC08L66a5btei88LvfdDXPUKOhuThooXVj2fsa58xEh5/Y1/m+FU4gy/0l4LfVjXj85IpSEifYiUrXXQbTXApNPtdT+dRcseq8exx3j2puix9MH+ySefNCHAixafr1mTua8u631ir4zraq4GxEtp/1Nl1apV+3VP/epIdPm3hw2TmprNWY8DAAAQRZEMIFr38bUbK+XQ+FGe6z9v2CZbpt0eeLuCpH+l17+0248fu91dt9325dSwQ4ZmbKm9Ikp7McSptejX9+TUQ7aGDO1h0NmsvOi27777XsYa3V4Dhy0Y14/Wa/gVtdtiePdwKjftJamvb5Abpl5nwo1+dAiULpvw/Yltcvf1OI2NjalaDr13+u0OX173Xtdr743+rj9rXYwGMwAAgEITuSFYGj4SC+6STv39C4U3XTWxRS8yzEfPLF1qPpa++6PzEZ2bXIkGDrudBgGt83D/5d9ub/6SH4/LW+vXS5cuXb4cMuUMMbJOP+20VHBIP8/AQYPMOezDuF3vVdBtt/UrONepb3VIlxdtp9ZZ6LS/+l4RvT7tFXFPwevVPr9lXuv1OHo8nXHLvtPDvkPFzoTlde937NghS5c+Y4as2Xb51cUAAABEWSyZTOb88mKxWLK6uDTn59mf8LHl5inS8MgLOTl/aV21JJPJWGv2bdeho/mHWL9uXZu3C9gfffr2NVvt3dPYqv+GAQCIAvtMxv8PcycyQ7AOdvgAAAAA0LxIBJDDenclfAAAAAB5IO9rQHS2qxPmLPQtOBfCBwAAABAaeR1AmgsfOttVXeUUptsFAAAAQiJvh2B1HlOaNXzoW851tivCBwAAABAeedkDEr98sPS82f8lg9YxV18pcnXzx/tk5TKGaAEAAAAByLsAsr/hI1tBerpdL7/Ydg0EAAAA4CvvhmB1HT4qBK0AAAAA0BqReQ8IAAAAgPAjgAAAAAAIDAEEAAAAQGDyrgi99vIZIjIjBC0BAAAA0FL0gAAAAAAIDAEEAAAAQGAIIAAAAAACQwABAAAAEBgCCAAAAIDA5N0sWFHXp2/fQr8FOMjadeiY5N8AAADkSiyZzP2zRiwWK5gHmmQyGWvNfjz0AQAAhMfePY2teqZD8wIJIAAAAAAg1IAAAAAACBIBBAAAAEBgCCAAAAAAAkMAAQAAABAYAggARERJcWJeSXGi1TOL6L56jLa6GyXFicqS4sQa57j1JcWJO13rtK3Lm9n/gK4HABBOBBAAQJtzwoZ+FotIuYhcKSLxkuJE3HWuBu48ABQeXkQIAMiFCg0fNXW1Va5jL7Y/1NTVXsldB4DCRAABgAJQUpwoc3okypyrXaG9EjV1tZ69ECXFieNFZI2IrK2pqy2Xfb0aGizirv03Z7l7Zdrj4XUOZ6hXRU1dbcy1bISrjSt82tXSNgAAQoYhWABQGPSBfa2IjBOR6SIy1nnYz+AMk1rkDJHS7VOBwdm33DlethoO3U5DzCanFiSe7S474UOPt9k5vrZ1RNo2LW0DACCECCAAUABq6mpX1NTVTne+5zvDocb6XPki5+F+gPZeOL0n5sFf99VjODUdx5cUJzyP4Zyj3AkUGnS0CL0iy52u1G1r6mrH2ba6e0Fa0wYAQDgxBAsACoQTAMY6Q5z8eiTGOuumu4ZO2Z6IBqenwq3MXdvh5oSEAa7hXzqr1WZneboRHsdxD61qVRsAAOFDDwgAFACndmKeaxiWZ42FQ9dVOnUg4gylEqdnZLnrI1mCTEpNXa09p2TpdWnOAbUBABAe9IAAQGGodGal0qFNkmU41GKnxmKT87A/wNUTccIBFHzbkOA39e5aV4G85f69LdoAAAgBAggARIxHuFjrPMCXOcOXyrL1RDh1H1pfscjpOalyAszykuJElSsMlKVNs5tSUpzY5ISZzU74qHDCx3yf01Y555vn7DciLYDMb2kbAADhxBAsAIieeWmfEU5BeIMzbGmE88Dvq6audrHrob/M6QlZYUOA0zsywmt2K2fZCifkzHP20RBU7td74ZzvSqdty50hV9Nd6xta0gYAQHjFkskk/zwAAAAAAkEPCAAAAIDAEEAAAAAABIYAAgAAACAwBBAAAAAAgSGAAAAAAAgMAQQAAABAYAggAAAAAAJDAAEAAAAQGAIIAAAAgMAQQAAAAAAEhgACAAAAIDAEEAAAAACBIYAAAAAACAwBBAAAAEBgCCAAAAAAAkMAAQAAABAYAggAAACAwBBAAAAAAASGAAIAAAAgMAQQAAAAAIEhgAAAAAAIDAEEAAAAQGAIIAAAAAACQwABAAAAEBgCCAAAAIDAEEAAAAAABIYAAgAAACAwBBAAAAAAgSGAAAAAAAiGiPwfJEjVX0fp+L8AAAAASUVORK5CYII=','eddy','eddy');
INSERT INTO tbl_role (role_id,role_code,date_created,date_updated,role_name,user_created,user_updated,page_id) VALUES (1,'admin','1900-01-01 00:00:00','1900-01-01 00:00:00','administrator','fr_system@xpand.asia','fr_system@xpand.asia',1);
INSERT INTO tbl_role (role_id,role_code,date_created,date_updated,role_name,user_created,user_updated,page_id) VALUES (2,'user','1900-01-01 00:00:00','1900-01-01 00:00:00','user','fr_system@xpand.asia','fr_system@xpand.asia',2);
INSERT INTO tbl_permission_list (permission_id,permission_group,permission_name,permissiongui) VALUES (1,'ADMIN','ROLE_ADMIN','role for admin');
INSERT INTO tbl_permission_list (permission_id,permission_group,permission_name,permissiongui) VALUES (2,'ADMIN','ROLE_VIEW_USER','query user');
INSERT INTO tbl_permission_list (permission_id,permission_group,permission_name,permissiongui) VALUES (3,'ADMIN','ROLE_EDIT_USER','modify user');
INSERT INTO tbl_permission_list (permission_id,permission_group,permission_name,permissiongui) VALUES (4,'REPORT','ROLE_VIEW_DAILY_REPORT','view daily report');
INSERT INTO tbl_permission_list (permission_id,permission_group,permission_name,permissiongui) VALUES (5,'REPORT','ROLE_VIEW_WEEKLY_REPORT','view weekly report');
INSERT INTO tbl_role_detail (role_detail_id,permission_id,role_id) VALUES (1,1,1);
INSERT INTO tbl_role_detail (role_detail_id,permission_id,role_id) VALUES (2,1,2);
INSERT INTO tbl_role_detail (role_detail_id,permission_id,role_id) VALUES (3,2,2);
INSERT INTO tbl_person_nationality (nationality_id,date_created,date_updated,nationality_code,nationality_name,user_created,user_updated) VALUES (1,'2019-01-01 00:00:00','2019-01-01 00:00:00','thailand','Thailand','eddy','eddy')
,(2,'2019-01-01 00:00:00','2019-01-01 00:00:00','china','China','eddy','eddy');
INSERT INTO tbl_gate_info (gate_id,date_created,date_updated,gate_desc,user_created,user_updated,gate_name,map_locationx,map_locationy,map_id,icon_height,icon_transformx,icon_transformy,icon_width,name_color,name_locationx,name_locationy,name_size,gate_code,gate_short_name) VALUES (1,'2018-01-01 00:00:00','2018-01-01 00:00:00','123317705','eddy','eddy','gate01','80%','23%',1,'3%','0','-10','3%','blue','50%','70%','12','g1','g1'),(2,'2018-01-01 00:00:00','2018-01-01 00:00:00','1111111','eddy','eddy','gate02','80%','25%',1,'3%','0','-10','3%','blue','50%','70%','12','g2','g2');
INSERT INTO tbl_time_unit (tu_id,divided_value,time_unit) VALUES (1,1,'Midnight'),(2,1,'Millisec'),(3,1000,'Second'),(4,60000,'Minute'),(5,3600000,'Hour');
INSERT INTO tbl_vcm (vcm_id,connect_protocol,date_created,date_updated,user_created,user_updated,vcm_get_image_pwd,vcm_get_image_user,vcm_ip,vcm_login_port,vcm_login_pwd,vcm_login_user,vcm_name,vcn_ip,vcn_login_port,vcn_login_pwd,vcn_login_user,vcn_name,vcnsdkcall_backurl,vcnsdkdomain_code,vcnsdkip,vcnsdklogin_port,vcnsdklogin_pwd,vcnsdklogin_user,vcnsdklogin_user_id) VALUES (1,'https','2000-01-01 00:00:00','2000-01-01 00:00:00','eddy','eddy','Welcome@123','xpandimage','192.168.2.53','8009','Welcome@123','xpandadmin','vcm_name','192.168.2.54','8009','vcn_pwd','vcn_user','vcn_name','http://localhost:8090/rest/alarm/recvVCNAlarm','XXXXX','184.1.1.41','18543','napak@123','28','napaks');
INSERT INTO tbl_checkpoint_library (chkponlib_id,check_point_name,check_point_type,date_created,date_updated,ignore_same_person_time,library_id,library_name,library_type,user_created,user_updated,vcm_id,ignsmptu_id) VALUES (1,'Camera Group','2','2018-01-01 00:00:00','2018-01-01 00:00:00',0,NULL,'Whitelist',3,'eddy','eddy',1,1);
INSERT INTO tbl_task_list (task_list_id,alarm_data_type,callbackurlmaster,callbackurlslave,confidence_threshold,date_created,date_updated,hit_type,task_end_date,task_id,task_name,task_start_date,task_type,user_created,user_updated,chkponlib_id) VALUES (1,'2','http://localhost:8090/rest/callback','',80,'2018-01-01 00:00:00','2018-01-01 00:00:00',1,'2099-01-01',NULL,'Whitelist Hit','2018-01-01',1,'eddy','eddy',1),(2,'2','http://localhost:8090/rest/callback','',80,'2018-01-01 00:00:00','2018-01-01 00:00:00',2,'2099-01-01',NULL,'Whitelist Non-hit','2018-01-01',2,'eddy','eddy',1);
INSERT INTO tbl_equ_direction (eqdirection_id,date_created,date_updated,direction_code,direction_desc,user_created,user_updated) VALUES (1,'2018-01-01 00:00:00','2018-01-01 00:00:00',1,'IN','eddy','eddy'),(2,'2018-01-01 00:00:00','2018-01-01 00:00:00',2,'OUT','eddy','eddy'),(3,'2018-01-01 00:00:00','2018-01-01 00:00:00',3,'-','eddy','eddy');

INSERT INTO tbl_ipc (ipc_id,analyze_mode,check_point_id,date_created,date_updated,ignore_unknown_alarm,image_library_type,ipc_code,ipc_ip,ipc_name,ipc_task_id,map_locationx,map_locationy,receive_alarm,task_prefix,task_type,user_created,user_updated,chkponlib_id,gate_id,vcm_id,map_id,eqdirection_id) 
VALUES (1,0,NULL,'2018-01-01 00:00:00','2018-01-01 00:00:00',1,3,'ipc1','192.168.2.200','ipc01',NULL,NULL,NULL,1,'task_',2,'eddy','eddy',1,1,1,1,1)
,(2,0,NULL,'2018-01-01 00:00:00','2018-01-01 00:00:00',1,3,'ipc2','192.168.2.201','ipc02',NULL,NULL,NULL,1,'task_',2,'eddy','eddy',1,1,1,1,1)
,(3,0,NULL,'2018-01-01 00:00:00','2018-01-01 00:00:00',1,3,'ipc3','192.168.2.202','ipc03',NULL,NULL,NULL,1,'task_',2,'eddy','eddy',1,1,1,1,1)
,(4,0,NULL,'2018-01-01 00:00:00','2018-01-01 00:00:00',1,3,'ipc4','192.168.2.203','ipc04',NULL,NULL,NULL,1,'task_',2,'eddy','eddy',1,1,1,1,2)
,(5,0,NULL,'2018-01-01 00:00:00','2018-01-01 00:00:00',1,3,'ipc5','192.168.2.204','ipc05',NULL,NULL,NULL,1,'task_',2,'eddy','eddy',1,1,1,1,2);

INSERT INTO tbl_user (user_id,enabled,first_name,last_name,password,password_expire,user_name,role_id,date_created,date_updated,user_created,user_updated) VALUES (1,1,'parinya','panvangmon','8d969eef6ecad3c29a3a629280e686cf0c3f5d5a86aff3ca12020c923adc6c92','2100-01-01','eddy@abc.com',1,'1900-01-01','1900-01-01','fr_system@xpand.asia','fr_system@xpand.asia');
INSERT INTO tbl_user (user_id,enabled,first_name,last_name,password,password_expire,user_name,role_id,date_created,date_updated,user_created,user_updated) VALUES (2,1,'xxx','yyy','8d969eef6ecad3c29a3a629280e686cf0c3f5d5a86aff3ca12020c923adc6c92','2100-01-01','xxx@abc.com',1,'1900-01-01','1900-01-01','fr_system@xpand.asia','fr_system@xpand.asia');
INSERT INTO tbl_person_category (category_id,category_code,category_color_code,category_name,chkponlib_id,date_created,date_updated,user_created,user_updated) VALUES (-1,'cate1','#123456','Unknown',1,'1900-01-01 00:00:00','1900-01-01 00:00:00','user1','user1'),(1,'cate2','#AAAAAA','Normal',1,'1900-01-01 00:00:00','1900-01-01 00:00:00','user1','user1'),(2,'cate3','#FFFFFF','VIP',1,'1900-01-01 00:00:00','1900-01-01 00:00:00','user1','user1');
INSERT INTO tbl_person_certificate (certificate_id,certificate_code,certificate_name,date_created,date_updated,user_created,user_updated,third_party_code) VALUES (1,'ThaiId','ThaiId','1900-01-01 00:00:00','1900-01-01 00:00:00','user1','user1','0'),(2,'Passport','Passport','1900-01-01 00:00:00','1900-01-01 00:00:00','user1','user1','1');
INSERT INTO tbl_person_title (title_id,title_code,date_created,date_updated,title_name,user_created,user_updated) VALUES (1,'title1','1900-01-01 00:00:00','1900-01-01 00:00:00','UNKNOWN','user1','user1'),(2,'title1','1900-01-01 00:00:00','1900-01-01 00:00:00','นาย','user1','user1'),(3,'title2','1900-01-01 00:00:00','1900-01-01 00:00:00','นางสาว','user1','user1');
INSERT INTO tbl_person_info (person_id,address_info,certificate_no,contact_no,date_created,date_updated,full_name,hw_people_id,person_code,person_photo,personvcmstatus,user_created,user_updated,nationality_id,category_id,certificate_id,title_id) 
VALUES (1,'YU0oeYi+kUngeBJ4fDhn/A==','YU0oeYi+kUngeBJ4fDhn/A==','Zk3WmKbPRk4Y4TiRnq1IdA==','1900-01-01 00:00:00','1900-01-01 00:00:00','YU0oeYi+kUngeBJ4fDhn/A==','123456','3412151451','data:image/jpeg;base64,/9j/4AAQSkZJRgABAQAAAQABAAD/2wCEAAkGBxITEhUSEhIVFRUVFRIYEhcVFxgXFRUVGBYXFhUWFhUYHSggGRolGxcVITEhJSkrLi4uFx8zODMtNygtLisBCgoKDg0OGBAQGi0dHR0tLS0tLSstLS0tLS0tLSsrLSstLS0tKy0tLS0rLS0rLS0tLTctLS0rKy0rLSstLS0tLf/AABEIALoBDwMBIgACEQEDEQH/xAAcAAEAAgMBAQEAAAAAAAAAAAAABAUDBgcCAQj/xAA7EAACAQIDBQYDBQgCAwAAAAAAAQIDEQQhMQUSQVFhBiJxgZGhE7HwBzLB0eEUI0JSYnKC8ZLCFSTS/8QAGAEBAAMBAAAAAAAAAAAAAAAAAAECAwT/xAAiEQEBAAIDAAIBBQAAAAAAAAAAAQIRAyExEkFhEyJRgfD/2gAMAwEAAhEDEQA/AO4gAAAAAAAAAAAABhxeJjTg5zdoxV2zMcs+0jtNvSdGm+5C+8+EpcbeGnqVyuomTai7c9rZYibSbVNO0Yp6/r1/2abGTb0z4LguvV9T1Xnd7z8un19dIk6vD259X+Rk0Z511/c+ee7+b+R9jWfPyVl/r6zIMqmeevv+h6jd8bdFr5vmSLXD1nz+b9UvzLOjVvpvZrhuW928/Ip8JFcr+/8AouqKklm7eNrfPXyCHtqTVvhyXVyt7bpgxOHsrf8Abj6EuEHa90/Kdn6uxFxCk1ZRXRWdvmQlruLUr2bb8Un+J6wCd8vbTziz7i8K3LOmk+Nk17J3LHZGzpN34ac/noSaWOy2uKTT55fMx7TxcYPu2Xh9Zk6pRjBWaTcVq8r9brU1TbNbellflll7vQIrrH2f9tJvco1vut7sJNZp+Wq43OnH5e2Vj9xbqSXP8fE7l2A2861LcqzTkt3cu1eS5Lnb1zNZVK28AEoAAAAAAAAAAAAAAAAAAAAAGv8AbXbH7PQe67TqXjHmlbvS8l7tHDNoTu7t5Xy6vw+uHQ3j7R9ofErtX7sEorwWcvVv0ic5xVdN3k/TgunX65mOV3WkmoxYipf6yRDc76evF+HJdT5Xm+OSXDl5cX0MEE5dI/PxYSzqaWUbN8bfi/zZlpRz736HiEbZJeenojZOzvZLEYi0rOEObyv4cSLUyKqhUs8k2i7wdOrK27BeSz9Te9kdiKVPOXefNmzYbZlOKtGKRXa3xczhsSq83F38P9H2XZ+o+C9PxudXjhlbQxTwceS9AnpyqXZ2aeUfQn4DY095ZNddToTwi5IxywyEo5/trBO8svD8zR9o0JX5edvXQ7Pj8Ems/wDTNX2lsiLveOZO0WOZ/CmuCXVJ/joXmwNozhKLu7pp5yyus08m+Jl2rstw0WXt+jKejJKSzle+nD1ayLys7H6V2NtCNelGpF6rvdJccvfwaJxzD7LdsP4jpSd1Na6reSbXe00urI6eaxmAAAAAAAAAAAAAAAAAAAGDBjpNU5tZPclbxs7AcA7W41SqTd7rek/7pN3XksjVaknq/rw+v0s9oPenKT/mlbpnx9/QhVIq289P4V+LMGqGoXzlotOSX4vqWOz9mTqtRhFvkrO3i/y+RYbA2BOvNSkrR1X5/XsdS2LsmnQilFZ8XxK3JeRTdmexFOnadbvz1t/CvLibxQpJKyVjFTRMpRKLPcYmWMT7FGRItIra+JHyUT2fGWQxNGKcSQ0Y5orYshV6dyoxWEvl6F5MiVoEJaZtbBO2l0aHtekotpLdfP61OtbQp3TNA7U4Tja/1oXxqmUPs+xLpV6cnJNKS4cOPszviZ+b9g0rTTvq7cZWeua/h8WfozCPuQzv3Y588lmbxjWUAEoAAAAAAAAAAAAAAAACNtK/wqltdydvRkk81FdNdGB+bqmHUdc7Zvm3wT9vREXDYfeqJys22rR5cr9S327Qkqs6ay3ZScpWvpJ7qXWyPPZ3DJz3reb1fLP0MdNNt32HhdyKNhoRKzBqyRbYYyvraeJNNEqmYKaJEUShliZEzFE9loh6uLnk+gfGzHNmRmOaIpEeZgqIkzI9QqsrcdHI1LbtBtO3n1X5m34oodoUiZ6itMw73ZJ5XeqtmzvOxpuWHotqzdKnf/ijhldWqcnlmkrnctiX/Z6N1Z/CpXX+COjFhkmgAsqAAAAAAAAAAAAAAAAAELa20FRhfLebtBN2uxbpMm+nIu29L/3cQ3ZXlF2tyjFXfT8yN2co3d1pwPvbjGTniL1FCG/HWCa3nGyzu3nZ/wCjP2Mhdvpp0+r28jK3cXksvbaqESzwrITsld5JalbU2zUleOHpuX9byXlfUzsazttkGSIM0RY3G083G/Pj8jJS7Yzi7VKVrau40lviZ9uarg+2NGX3u7cvqOMjJXi0wjSXcbxhUzy5g0kNnlsh1cWo5soNrdqVDKKuwmRsk2Ra0jS5bfxk/uQ87HhUdoVM3U3fF/gkNJ02isVuKiQsPWxVKyqr4keLWtunMsJZ6cdBIrWnV6W/i6cVa8pxjn1aWXXM7rGKSSWSWS8DgG16jhXlNXyV8uFrtNed/Y6f2M2tvVHRu3+7U+id0vV3foazLWoz+Fst/huIANGQAAAAAAAAAAAAAAAAaV9o8JSVFR1vK1ueWZuprnbCF1TaV2vif9TPlm8a24Lrklcp7Tb06lJ8YRqKV1r93PpwLvsbRsmYdoOMpLejknnl9dPQvNiUVFO2mRnL00zxsqZXStZ6GFYuMFwRIrUrrI0ztbhsSov4avG2eaTX10HqJ0v59pIXcY3k+mnm9EYKmIdXWmv+VO/pvGmbK7PVK1CVSVST3YycacHupNJ2UuL8vcpFsysm0qd00u/8W26795uD+9dZeZf4K/qfh0CtgKekoOD4cF65r3LfZcHTatJ2Krs3s7E0qNOo5SqU5RbqUqmbSzs4Pla2Rs37NF01UpO8Hp06FbjpeZbi2oVLo+152R42Y7pGXaUbIzGvbTxG9lco0lfuw3mtXlZf5OyRfwwSalUm7Qjr9Iqtq7JeJpTkrpRhJ0qUXZNpOzmlq+mmRfHHZctTatrdoFTy36a/z/8AmLXufKXa5cbNf0u/tr7GlVtkVE7WoOCcmpLf+K00u7K/dsrPRXzeZdbW7MwjhqdRx+HV3E38PK7t/FHT5Mv8Iz/Uu/G44fbEKiTTTJ9Np6GidjNlV8pSa3Xy180/wN8p0t2yKedL3tpW2sPerJdXbz+vc3r7O8Fu1JztpTS9X+jNbx+H/eylyZvXYiNo1Ovw/wDsMe8om/twv5bOADocoAAAAAAAAAAAAAAAAVXaGnemmlo/Zr87FqRdqUHOlOKdm4u3is17ojKbi2F1lK5lXSdRRlld2LPZmSa6nvHbNc6alFr4sbSvzafy6EfAzbWa3W1muT4o5p06+S7W+HZ8xmCU00zDRnZljRlcK6a7g9lyoy/du13o1l5GSjsWk578qMXxtvNRef8ALobG6SYp4dci8zqLjPtGUN/KSyysk7K1tMj1VoRhFqCaUvvJtvO2ufEnJWWRFxBFuzTxs3LIkbSWRHw2pK2hoVShYZJqzSa5NXV/A8VcMlpBJf0pIYd5lnCNyZTxq9fZtO+9uwUs7P4a3r5u97a6EaWzd9968s8t7ReRuEsOuRjdBIm5U6U2FwKprJHmu80WGKlZFYnnciel8a9i7zqtR/mab4I3/sZTtSm737yjf+1K/wAzXMFgYfDat95u74tvXPzN52Tg1SpQppWss7c3my3HO9o5c/2/FLABu5QAAAAAAAAAAAAAAAAAAartyn8OUsrJ2cX04+mZr1GUr3lk3ZnRcXhY1I7sllw5p80yhx3Z1JSmpybinZNLx1McsL9N8c5rtS3sTcPMgz0Rmw8jPJtj4t6cjPEg0pkqEiJU2MrRCxkrE5MrdpSV0mSoYN3ZYYiN0U9DFKLJ1facN3UiJ0hb1pFth2a9+2KTZe4d91eBMRYlykQ68zJKZErzItWxiDi5kJPKT6foZcVMn9mcOpze8k0k201dPho/EnCbRyXUR+z+CnKpZO8E4tvkrt28Xp5G7nmnTUVaKSXJKy9Eejoxx05cstgALKgAAAAAAAAAAAAAAAAAAHxo+gDRsfR3Jyjyb/QxUmXPaehaSn/Ms/FfpYpIHPlNOrDLpY0WTKTK6jIlU5lGm09Mrts4SVRLcdmtPyJKqn1VUFGi4nsw3V+LeSnzUmSsZgalSLheUebWTfS5t3xqfFr5h/CSu5Rt019Bpfdafsfs66biotqKd2uL46m5RdkRY4qHB+uQniEiEZb+2apUIVeqZJTuiNViEyoVeRsnZCn3Zy8F+L/A1mrqbp2dobtCPOV5Pz09rGvHO2PLelmADdzgAAAAAAAAAAAAAAAAAAAAAAAIO2MN8Sm0tVmvLX2NPazN+NT2/g1Cd1pLPw5mecaYX6RaLJKRW06pOpVTBurtr1sTFXo01PmnLd9MmUP/AJDGz1hGPRy/JG8b10VGOwWe9HUNOPOT2KSMcZJXUI5K7tPRXtd93mels/HSaiqcXlvLvt5WyehYQruOUo5aOzzPb2gl92Dvpr+ROo3+c+tf7+1HXhilxgrf3P8ABHjB0MbUkoxqwjG+bs27dLuxazpzqZW3UW2z8KqayK9K8nJNajPh6EoQSk79SNiqpnxWJKPF4vMOdLwVB1akYLi8+i4v0OhwikklokkvBGv9kNmuMPjTXemu6uUefmbEdOE1HNnd0ABdQAAAAAAAAAAAAAAAAAAAAAAAAKHthBqlGotYyt5Nfoi+IG3aO/h6i/pb9M/wIviZ60GGIUs1rxXL9CXh8Qa5Um4yyJVHG89TmrpjaaVW5mikygw2OLWjikVSm/sEJahbLgfIYtcz5LHLmE9vssMo6ELEVbDF7RSWbNW2xtyKvnmQmRL2jtBLiUM9ppSTebb7q6830KOrtGpWlu0oyqS5QTlbxSJ+y+yWOnNVKlLcXDflFN/4ptr0JlLHf4aK3JH0pcFtm1OKqQe+laW7nG64puzJUdqxayi14tL5NnVMpXJ8MlgCrjtiN7O3Vp8C0JllRcbPQAEoAAAAAAAAAAAAAAAAAAAAAA8zjdNPRpp+Z6AHHtqUnGcovg2vRkDeLztQv39X++XzKCRy311TwlinHQ909uuOqZDrkDElV4vX2piuL9GRsR2uXBv0ZrFY84SKdSCaTTnG6ejVxpO21bIWJx0u4pRpJ96o1kukf5n8uJuuE7NYWCSlSjUkuM1vt+N8i3p04wpbsEoqMbRUVZJdEtD1h1khpFytesJhIxW7CEYLkkl7LIkSwy0ebfAzLQiYaTtJ3+rovIo9fEhHJ8Cu2h2hpU8rxv5XZT9rZtOFm1m72ZmwNCCimoxV9bJK5S5auo1xwmt1i2Ri54vEbqTp0lbenPu7y/lpp/eb56L2fSEzSqKLfZM3vJXdvE14stMeab7X4AN3MAAAAAP/2Q==',0,'user1','user1',1,1,1,1)
,(2,'FrDjunS+tzaiCrYvBuRd6g==','FrDjunS+tzaiCrYvBuRd6g==','Zk3WmKbPRk4Y4TiRnq1IdA==','1900-01-01 00:00:00','1900-01-01 00:00:00','FrDjunS+tzaiCrYvBuRd6g==','a002','514545454','data:image/jpeg;base64,/9j/4AAQSkZJRgABAQAAAQABAAD/2wCEAAkGBxMTEhUTExMVFhUVGBcaFxgXFxUXFRcXFxUXFxcYFRUYHSggGBolHRcXIjEhJSkrLi4uFx8zODMtNygtLisBCgoKDg0OGhAQGi0dHyUtLS0tLS0tLS0tLS0tLS0tLS0tLS0tLS0tLS0tLS0tLS0tLS0tLS0tLS0tLS0tLS0tLf/AABEIAOEA4QMBIgACEQEDEQH/xAAbAAABBQEBAAAAAAAAAAAAAAAEAQIDBQYAB//EAEQQAAEEAAQDBAYIBAMHBQAAAAEAAgMRBBIhMQVBUQYTYXEiMoGRobEHFEJSwdHh8BUjYpIzcvE0ZHOCk6LCJENEVWP/xAAZAQADAQEBAAAAAAAAAAAAAAAAAQIDBAX/xAAoEQEBAAICAgEBCQEBAAAAAAAAAQIRAyESMUEyBBMiUVJTkaLRgXH/2gAMAwEAAhEDEQA/ALVvZLAXkDHulYKIzEg5RR9EHV3NaTstwnDtjEzIe7JuraWPFGjfPcbFW0OGYHiTKM7gczuZOmt+xGAqPHvZ7rK8Y4FPLJcQaAZWOzOdplFFxrfqr3BYFse5zHl4eSNQ+JlIBI5J6hzK61BFpjnqrixjjuT5I5o0U2njiR7lGnlNceQWVbQPJDm9bUcm9fNPneGN/D9EQxoVJx3EmsoBzOBqvsgKb1DndZfjfF5SXBot/IcgFUYNkgec5Ica06LQx8HAt7rs6n8ApmYCtDqR8Fn7adR2CmI0V7gX1qqH6sb0Vo30WVevNEmk0RPiC51XsrCPZUuC1cVdQnRaSppmIbosvxaGwRrqtY8KqxTBzVbJ5nKS1xBvwRcLz1Vv2jwAILminDVZ3CT2aWuN2mrVoKIEagwzkexCQhgPUqtfj4hYzOsHoVowEO/Bs+63+0Jdr48uOb85b/5dKA4+P7x9zlE7Gs+8fir52Fb9xv8Aa38lC/DN+633I7a+X2f9OX8z/FM3GsGxRWF4tGNST7iiZMO37o9wUuDgB+yPcEqcy4P05fzP8d/HIerv7XLkf9Sb91vuXKFeXB+nL+Z/ja4HibJWRyZSMxvpWpbt7VcMavOcb2z+qOGHfA7R2WEii18YAp2bl5HXRUmI+kDFSkhjcrL6k6XzpbY99vPt09Xx2OjjbbncxtqVA2cPoi8po68/YvGsd2rkeXMjYS46CyS4nwaASt72T41JKyOKVmWYN9IWCNBWawnYJdtNDEfu5bPXfoUUSowU4LK1vJooSV8U4BNBSMkxoKsEOZ2Y7mgPABHYp2iVjABamzZwFimAmuQ+apWaEvJPpuNeQ0HyVy5xN34oDus0bK5OI8tTqosOU9jhWihY6yWndTGMt9ijc2/Tby3Rs0cFiSiVcYH1UN3AdTueh9yIY8NoBOFRJcgsVATt7f0UXEcZ3bm9CQPfsp48UK1RaNM7jeFdSTp1WI4ph+6l8Dt+K9SxxAF8lie08LXNsVmC048vgWKrCYtW0E6y8BVthHu6LZlpfsm0Vw3geIIByCiAfWbzHmszDMiWSJaSu3dncQfsD+5v5pjuzOI+4P7m/mq0OSSO0P6o0DcfgHxOySCnUDVg6G628kPDKG7q87Tj+e3/AIMXyKrBgQ5TfSsT/rQ6Lk3+FBcoG6xOK7KY6R7i57QGm2vzE+1rdwu4dwLFvytzNthIBGlts3Y5refX2N6lCHHgPzgBp/HqQjkyyk/CnGT5QcB7Fvhf9Yfb5NaAGgB5+a2vZ7hojBfkyufvY9PxzH8EFwnjrXCnmz1/MK+a7UZSNRfsSw5M7NVXhPLyOkKVrkybqomyKl7GZlFAbvzTWPXF1adQkDZxbx05+781IH2Chnv9H97BR4GayfJARukGYeP+hTeGNy5mHkSo8fCXHTQ8j0KPhAIBPrdetKaDcRh9CQgcFhiwa80Xjc10Cowx1a7JaPaYgAUELLejq1CIjOiQtso2FXxqLPbTeV43G7XDYjxBVLg8c9tsl9YaeDhyLT0K1OIw1jUEqtl4XWwd7TYB8lFXL0rIuL0Sx10DQ8RyKg4rA2QWyr+B8/FE4rgxOnK71JIBTDw17dLBHgqnQZvhfCS6Q5tGt5dVduha0dEcKaPFVuKzE0NlrLtOU0GdvoniQqRkVJJo1qx2VkyV82hQpCHxDtCEj01naiWp2/8ABi+RQWHn6ITtbjWunaWPDm9xELabFgGwT1Ci4RNeg1U5To8Y0HfHp8lyhypVmbP8dcBO4B2h9LStCdxSrjiWj1nAeZVLwdxeaBdJIdw0l7/+atgtND2PxU7TnaGAjd5APtaN1rcJrtj521FBiq1YR7KK1fA+Lhxay6IFk/NYwfRPiA01jYQeQyvAPS3Xp7lleIYvH4F5hkJa4bE05rh1a/mFPhPhXlfl7694dretIYTakHp8V57hO3bW/VmvFgxW+j6TSCANPEWVsBiQ5oe02DzUZbjTHVWGAxhLteVj8kZLiakaOVLOOmokgotmJsAnwIRL0diyxLqD/EIfB6PJ+yR+Clxjv5ZPh+SrsFNoW9fV/JGwtC+9BuNR5I6MaAKo4f69nmrMu9K+qAEnBzXZHkdEVFKQNaKjDAT0UvcpUzjl8vJc0dCEjoSlEKRpACkfEevyXVXNRSOKAikjA3IVbiyAbv2oyYVuqfiDC7VSrELK2zoioYAAoIX1uiYjequHkAxDdUPM1TzSaofESCl0z05LewMhQcjk+ebXTVDYgHZJcqKd9bInhfEsgqtSUK+GtXIWHEBr6HVF9HLGp/iTunzXKs78Lln22/C2MePbGBHGGx8yGgMAb5UhJ+P6FwJzbAHp1sLDSccLiSdxoChpsa481G659NniO0bQ6gRr11Wb7ZcT+sYV+dgd3ZaYpBVt9IB405EWKVQ0Z35QdauvBD4jFnu5GBpa1zHCjt51103TnsfDPBwXqf0d47vME7NZdHIQSTZOb0r+K8naV6F9D7i6TEwgaOY1+bkCHVRPjfwK05ZvFPH9TbP8UjLBA5ao3GcFkNFjm2ORB18ihHMI0O/Rc0rp0sn4imtB5t9/JVcBIIA6/iumlJA8E6JpaLd6x5dAqtEi44e+3KaGYknzQXDRRvqa9imhuz4Wmk9jzmdfIouLE7VzQZiO1gdUVhYgKGqANj2SOd4pQ5DTy8kXoRIZwo34lDveo3FTtUhZX2hnhSlRuSXFa+K3Um8SxwjbQ35KaeTLqszIM8rnPOg2HM+C0w7RyXUEfWNLPNWcPCLw8k0xIJYe6bzJ5Ejp4JOy2HZPOQ8aMbma3kTdaq/4/qD0AI9moXVjNuLPPVeeN5dU5qbzT1nl7a4gcaTSqJX04HorvEt3VNiAjGirX+Lxfc+ASqiypFRbqORha6i4dTWu/K0wnWwoY280QGLFfaSFwc0hzDk+28es0DYDmmTEuLbeDYpo5tbsA7xpSRNymy4ihYrZxHIhRvdmaH5KJd6TvvFGxroA/s/K0auj8g51/Jb76KI3RQ4rYPzMOnQNNfis+H5jqaWr7FPAlkjFfzGbeLTfyJSyztml8cky22sMz8lk2h5hn1qippGkmhyA+SHHr0NT8Fjp0h5oQzXd3Ich59SoIwTvr+9FZvw+mqDYzWk4yGYUat80fHHVnmhMIKrmbVk/wVxFCxwa/vdEE1pzXHTzTHGkA/PSgkFlOB0UbpBSVVDHBImidp5ri8KVOKjen5k0pKV+OZos3LGc60nE52tbrvyHMnyVVw0ZnNZlLpHE7bAb6+S0wZcvpL2cd3WKjcdnW0+39aV52uxOUFo3tVuNwLYx3j5Wty7Nbqcw1APuQnHsZ3jmu6tDveL/ABXVx3pw8k7ULt1ICmPStUZe2+KPEBVE7FcyjRVcw1SgoDIuRPd/vVcr8i3VFO4gmumnkm53tLdSb8FocJw8210hDi0UB4Ac+qKlmA1ABPWh81kdoeGMMY17zQaHZr6HwUvBuy2PxLA2OAMhuw+c5Sb5ho19i1PYThzMRK50jQ4RZSAdsxuiR1FfFekEqLrFpJt55gPozO+IxQP9MMVf97yfkFeYDsrhMM7vI4yZBfpucS7XdaR5Qsqi5Wqk0BfCTsaPLpSDnw74qf61HWt1ZXRSYmYVvvspbTIwPDgCNiLVbI03oj4nW1RsGqaKlwLKFo8FDsTwU5S05xUMj9VK8oHE2NkbPTpXXzQc8buSimxbm7i/JLHxGM/ao9DohWgGJimB9EfFDHEYkbBvvVzLKDtR8kyLD9UtnpFgsXK4gOZXjui5sQG6a34IqOOgqfjWJ7qCWU75SG6buIoJzuprM47tPG/EQxxsJzO9Nx3og01o89b8ETxKRzHW0kHqND71Qdh8FK2QzHCyynLTHW1rG3u4l5Fny8VouMRmjYo9N68FeU1lNMfLylVE+IJbqSUZHic0bP6RSrWC90ThScp6BdGN058psRdpWIvgeH7yeNnJxo+VIaWLK9zDu1zm/wBpISyVi56rcQ1WTlXYtRKsNS5NzJVWwme8nYKCU0CjZDpsSFW4h2h3Hmp2Wm++irEi8Q3mQwjyGYLely8X7E8V7nFRuPqutjvJ36gL2HPzWeftrh6SEqGUrnvQ0j1mo15VVxHBF8sMgdQjJLmm6ILSNK5o97kO5yFQRGKFLmsTIZLU6AUOUgUJXZ0AQmPamh6XMgwc8IO4VdLw1hOyuZAociDgbC4QDloiRGnEgJWuQZZR6KpuLYJ0tAEZefj7Vb4j1T1o150vMuF8bkiJyvvU5g7UE3rpyK0wx2y5LqN/FGQ0NFADkFS8chq/FWXB+KsnboMrgPSb+I6hRdoGW0HzTyjLG9sWxo5prpPSyjZSDchD4gUb6rXFnY03Y53/AKqI+J+RTu1MWXGTAc3X7wouwWuIA/pcfgie2T7xN/0tRb2eKoKrsYFYBD4mPRTtVVN+SRE9yuVkilxDgPR589/YhZX2dU5pyOLSdDqPA+aSQg7LNYXY/j4r1Xsh2h72JocfSGjvMfmvMZ4rapuz/FTh5bOrHEB4/wDIeIRlNwS6r2p0lod5Q+BxIIGtgiweoKLkaFi1DPeh3vUsuihKlUMEtG1YRS2q4p8T6QdiyzJpUMcikJQRbStcm5kgemacFRSvpNMiYSjY0EimLyT8EWwUh3RAahZ/tfxqTDwsfGRmc8N12qjeiJN1Vuo18kjQ2yaA1PQUvFsXODK8x6hz3EeRcdkVxTtNiZ2FjnAN5hugPmqc7Dl0W+OOnPnlMppfcH4qY3hzTTh8fArd4vFtmw4e32joeYXlcr6ohajsnii5sreVNPtooz6m0Y+0Mh9MhD4uTZSY6SpPNBTu1VYXcTn1Wl+jyesW0dQ75IztXf1l46VXks32fxvdYmKTkHjN/lOh/fgtP2w/2p/kPknZ2UVcaScaJYkso0UKVy5Sd2lVDamnLXNJLvLp5qPAMzaE6t+KEmZpqfJNEh3G4S10rfa1e/k4bHRATx8/eiuH4sE5Xfsp8zQToKJ3HO+o6ikvR62t+x3aJsdQTO/lk+g4/YJ5H+n5L0aKx62y8QxkGV1bLR9l+2b4ahxFui2a7d0fTzb8lOWG+4eOWuq9OljvZCSREJcPjmEBzXBzTqCDofJTyYptLJrKAc5MonYFSSzstO/iDGpGfDE4DUqRk6y3H+1jWA/ADdYdvavEibvWvqvsHVhHRw/FXjhckZZzF7J3qQvCzPAu18GIAa491Jza46E/0u5rRCK9VNlntUspsuJrYKA4h/QFV3HuMYfDt9N9v5MaQXE+XJZKDtvLRuJm+mrtvEKscNn54z213FOLGGMyvprRy3JPIALzftBxl2KlBOjW+q3kL3J8UPxni8uIkBkcMo9VrRTR+qGw7RZK2xwkY8nJ5XU9JHOoAWnRygina9PNDyOTA5Uy2nc4+xarsQ4ZZj0y/IrHSSLR9lJ8kUp+8Wj4aqOafgp4X8STiMv8z2qPEdVFjWGjJyLqUu7B5KuP6YXJ7RNWp4ji+9ySXqWNDv8AM0UfkssFZYGS21eyqp2soFM/ZCwuRTdQs6sNkK5SZfBclsaZCV4JvXw6KRluF1fSvwQjHciiY8VQqk7FSh5Wa6A2ldMTQBUkbiD1tDYn0XKiK/XnqoHEqSR16qK04mieHcSkgNxuoHdv2T7FeRdtHfbjPsP5rMO1SOJHii4ynMrGvb2xi5h/uH5qvx/a57xUbKHV2p9wWcc61wNJTjxh3kyqSSQuOZxslNtcxyQlUhxN7hPEzgKDngdMzq91pgXFqAfHXIJ5m5KFrqSA6oBJXWVJC7dRP3TXPpMj3OtcSo81JW+KAUlaPgOGc6A1fpE18rWcawkho3JAHmSvU8BwsRxRsA9VoB8Tz+Nrn+0ckxkjTim6o+0MQbhw0DQKq4dLbK6LXS8MiyODmZnUaLi4/M0FiOFkhzmncEj3FacWUuPSMpqiAURgpqdSFJopc1OBWlJf4d6OY5U+CltWTHrLLqqibMuSZ1yWzYIPCV79qUFi/NTlwrZaEkbOTpoknF8jagadVNM+yBaR76DWn0kmauYbCpJ1VqEx8fXmle/TRMc9IzXilGAnONrgVRGpQUhKRAOTmuPVMCS0AtrrTXHZI8plsjnaJgSu6J9II1qcmnwTms96AuuyOBfJiGlrQ7J6VE0NNLuj1XqWGJZoRYO/OveqLsRw7u4S+tX0B5D9fwWiIXJy4zNrjfEs0IIvcFeX4+HusZI29C7MPJ2q9MEhafDosB26jDcQyRv2h8v9VP2fG45a+Dzss2AmGqTEO9EkcgVM82AfBRyeqfIrrZRp+03D48PiWxxNytMELyLJ9J4dmNnyULXaIrt7JWOZr/8AEw3yeqt0iVhwXnSIPvyuS0jdY0lEYQF7msDmtJ0t7srBz1dyQyQj2/jeyta/wnZueR2WJ+HkcGucWsmaXZWi3Gq5BVuDp7qdLHHpYc8kA7aCgddVoeExxYRk0Ms8cOLxMZY52r24aHcscW/+9IdKB9EDXeln+GT4kOEeFkma+QgBsT3MzkA1dEcr1OwtLQ2THxtYW1PFLd/4ZJy1W9gdVJBw2V0cMoy5Zp+4Zrr3gy+sOQ9IK47T8Wc3Cx8PM7sQ8PMuKlLzI3vKAbBG927WAWSNMxKK7NccxUrYIjNM1mGnM0+IdO/IIab/AC3WbPqEBtm82yZKLinCnwD+Y6MnvJIy1rrcHRvexxc3cC2Gj4jqqx6suJ8ZdNinYiXNMwySOZHK9+UMeTQGtsGxodFJ/F4P/r8P/wBSVBqdKllcC5xDQ0EkhoshoJJDQTrQ29iYgbKutNXIIq60lriUyMB1SvTWbp0hQDNb0TgwpYwnFAcAEVw3DmSRrRzI+aFWz+jvh+aXvDsNfwHxUZ3UPGdt/BAGMawbNAHuGqVyc8qFxWS0cqxnb6Id2yT7rqPt0WvkeKXca7SObA+sNhXlrbAdEHA5RzvfZVj7KvOMPK0tGo26qKaUZXajY81p8D24e9t/UsD/ANBqe/to8aHB4DX/APBq0THfSNpjYz/uuH+T1SzPHvCXtFxd+Kk76QMa4MYwBgpoay6oe1BzP/lsN+CATvv3X6rkHmXJ6TtXlNKcmlEUaQnB3iQeoJB2rceHzSJCmRQByXOF6cruuV8jXVcCuBSMoKcCm2utAhyaV1riUGaSktIU0pkVK7ZNBSucgnRhdIUsIs0NzsuLaJBFEbg7hAOYnUlaE4pGZS9V7IQiKC9i6vcB+a8zwEWaRoAs3t5ar1XBxU1o6ALPO9xWI109oaWUqTKucAs1BHklDTM9F17UbvpSfxXHNgjMjthsOZJ2AWAm4451nTXlZ9yrHG3tWE471nl4/wDNm8Hfq5vIHTyU2MNUocJxAueGlrdeiMxc5aNgVpu/kv7rg/c/rUDjbV2GNxvaeQsJ0GLJGwUmGxBLqIAv9+1G7+Q+64P3P61VZj0XK5p3Rq5Pd/IvueD9z+tVjVy5cm5r6IkK5cmRFxXLkGVIFy5Bxy5KuQRqR65cimakK5ckKL4T/jM8wrHtX/j/APIFy5RfrXPoVseyX9/NcuVoi07Mf7S3yd8l6K3YJVyzy9qK5M5lcuUU2U+kD1Iv8zvkFijz8/xXLlrh6RknwXrs/wAyuMb+S5crL4CYb9/BSQ/4g8/zXLlNOelmuXLkw//Z',0,'user1','user1',1,2,2,2);

INSERT INTO tbl_boat (boat_id,boat_code,boat_name,boat_short_name,card_no1,card_no2,card_no3,card_no4,card_no5,date_created,date_updated,user_created,user_updated) VALUES (-1,'none','NONE','-','-','-','-','-','-','2000-01-01 00:00:00','2000-01-01 00:00:00','none','none'),(1,'b1','b1','bs1','1','2','3','4','5','2000-01-01 00:00:00','2000-01-01 00:00:00','none','none'),(2,'b2','b2','bs2','6','7','8','9','10','2000-01-01 00:00:00','2000-01-01 00:00:00','none','none');
INSERT INTO tbl_boat_schedule (bschedule_id,date_arrival,date_departure,boat_id,gate_id) VALUES (1,'2019-05-15 10:00:00','2019-05-15 11:00:00',1,1),(2,'2019-05-13 15:00:01','2019-05-13 15:30:00',2,1);

INSERT INTO tbl_app_cfg (app_key,app_desc,app_lob_value,app_value1,app_value2,app_value3,date_created,date_updated,user_created,user_updated) VALUES ('ADDREMOVE_PERSON_VCM_WAIT','wait in sec for start add/remove person to vcm',NULL,'60','','','1900-01-01 00:00:00','1900-01-01 00:00:00','fr_system@xpand.asia','fr_system@xpand.asia'),('ALARM_ACTION_PLUGIN_DIRECTORY','plugin directory',NULL,'c:\\temp\\xface_plugin','\\','xface_plugin.xml','1900-01-01 00:00:00','1900-01-01 00:00:00','fr_system@xpand.asia','fr_system@xpand.asia'),('ALARM_HIST_NOOFDAY_FILTER','no of day select max alarm date group by person use for filter alarm',NULL,'5','','','1900-01-01 00:00:00','1900-01-01 00:00:00','fr_system@xpand.asia','fr_system@xpand.asia'),('ALERT_TIMER','alert and delay timer',NULL,'1000','1500','','1900-01-01 00:00:00','1900-01-01 00:00:00','fr_system@xpand.asia','fr_system@xpand.asia'),('API_ADD_CAMERA_CHECK_POINT','add camera check point',NULL,'/sdk_service/rest/bayonet/add','addCameraCheckPoint','POST','1900-01-01 00:00:00','1900-01-01 00:00:00','fr_system@xpand.asia','fr_system@xpand.asia'),('API_ADD_CAMERA_TO_CHECK_POINT','add camera to check point',NULL,'/sdk_service/rest/bayonet/add-camera','addCameraToCheckPoint','POST','1900-01-01 00:00:00','1900-01-01 00:00:00','fr_system@xpand.asia','fr_system@xpand.asia'),('API_ADD_FACE_LIST','add face list',NULL,'/sdk_service/rest/facerepositories','addFaceList','POST','1900-01-01 00:00:00','1900-01-01 00:00:00','fr_system@xpand.asia','fr_system@xpand.asia'),('API_ADD_FACE_TO_LIST','add face to list',NULL,'/sdk_service/rest/facerepositories/{PATH_PARAM}/peoples','addFaceToList','POST','1900-01-01 00:00:00','1900-01-01 00:00:00','fr_system@xpand.asia','fr_system@xpand.asia'),('API_ADD_INTELLIGENT_ANALYSIS_TASKS_BATCHS','addIntelligentAnalysisTaskBatchs',NULL,'/sdk_service/rest/video-analysis/tasks','addIntelligentAnalysisTaskBatchs','POST','1900-01-01 00:00:00','1900-01-01 00:00:00','fr_system@xpand.asia','fr_system@xpand.asia'),('API_ADD_SUSPECT_TASK','add suspect task',NULL,'/sdk_service/rest/video-analysis/add-suspect-task','addSuspectTask','POST','1900-01-01 00:00:00','1900-01-01 00:00:00','fr_system@xpand.asia','fr_system@xpand.asia'),('API_ALARM_SUBSCRIPTION',NULL,NULL,'/sdk_service/rest/video-analysis/subscription','subscribeAlarm','POST','1900-01-01 00:00:00','1900-01-01 00:00:00','fr_system@xpand.asia','fr_system@xpand.asia'),('API_ALARM_UNSUBSCRIPTION',NULL,NULL,'/sdk_service/rest/video-analysis/subscription','unsubscribeAlarm','DELETE','1900-01-01 00:00:00','1900-01-01 00:00:00','fr_system@xpand.asia','fr_system@xpand.asia'),('API_CHANGE_PWD',NULL,NULL,'/sdk_service/rest/management/administrator-change-password','changePwd','GET','1900-01-01 00:00:00','1900-01-01 00:00:00','fr_system@xpand.asia','fr_system@xpand.asia'),('API_GET_UPLOAD_URL','get upload image url',NULL,'/sdk_service/rest/image-library/get-upload-url','getUploadURL','GET','1900-01-01 00:00:00','1900-01-01 00:00:00','fr_system@xpand.asia','fr_system@xpand.asia'),('API_KEEP_ALIVE',NULL,NULL,'/sdk_service/rest/management/options','keepAlive','POST','1900-01-01 00:00:00','1900-01-01 00:00:00','fr_system@xpand.asia','fr_system@xpand.asia'),('API_KEEP_ALIVE_SDK','keep alive sdk',NULL,'/esdk/services/ivsProfessionalCommon','KEEP_ALIVE_SDK','esdk_ivs_professional_server.keepAlive','2000-01-01 00:00:00','2000-01-01 00:00:00','eddy','eddy'),('API_LOGIN',NULL,NULL,'/sdk_service/rest/users/login/v1.1','login','POST','1900-01-01 00:00:00','1900-01-01 00:00:00','fr_system@xpand.asia','fr_system@xpand.asia'),('API_LOGIN_SDK','login sdk',NULL,'/esdk/services/ivsProfessionalCommon','LOGIN_SDK','esdk_ivs_professional_server.login','2000-01-01 00:00:00','2000-01-01 00:00:00','eddy','eddy'),('API_LOGOUT',NULL,NULL,'/sdk_service/rest/management/application-logout','logOut','POST','1900-01-01 00:00:00','1900-01-01 00:00:00','fr_system@xpand.asia','fr_system@xpand.asia'),('API_LOGOUT_SDK','logout sdk',NULL,'/esdk/services/ivsProfessionalCommon','LOGOUT_SDK','esdk_ivs_professional_server.logout','2000-01-01 00:00:00','2000-01-01 00:00:00','eddy','eddy'),('API_MODIFY_FACE_TO_LIST','modify face to list',NULL,'/sdk_service/rest/facerepositories/{PATH_PARAM}/peoples','addFaceToList','PATCH','1900-01-01 00:00:00','1900-01-01 00:00:00','fr_system@xpand.asia','fr_system@xpand.asia'),('API_NO_OF_RETRY','no of retry HW API',NULL,'3','','','1900-01-01 00:00:00','1900-01-01 00:00:00','fr_system@xpand.asia','fr_system@xpand.asia'),('API_PUBLISH_UPLOAD_FILE','public upload file',NULL,'/sdk_service/rest/image-library/publish-uploaded-file/v1.1','publishUploadFile','POST','1900-01-01 00:00:00','1900-01-01 00:00:00','fr_system@xpand.asia','fr_system@xpand.asia'),('API_PUBLISH_UPLOAD_FILE_PARAM_SSID','source system id',NULL,'0','','','1900-01-01 00:00:00','1900-01-01 00:00:00','fr_system@xpand.asia','fr_system@xpand.asia'),('API_QUERY_CAMERA','query camera',NULL,'/sdk_service/rest/cameras/v1.1','queryCamera','GET','1900-01-01 00:00:00','1900-01-01 00:00:00','fr_system@xpand.asia','fr_system@xpand.asia'),('API_QUERY_CAMERA_CHECK_POINT','query camera check point',NULL,'/sdk_service/rest/bayonet/query','queryCameraCheckPoint','POST','1900-01-01 00:00:00','1900-01-01 00:00:00','fr_system@xpand.asia','fr_system@xpand.asia'),('API_QUERY_CAMERA_FROM_CHECK_POINT','query camera from check point',NULL,'/sdk_service/rest/bayonet/query-cameras','queryCameraFromCheckPoint','POST','1900-01-01 00:00:00','1900-01-01 00:00:00','fr_system@xpand.asia','fr_system@xpand.asia'),('API_QUERY_FACE_ALGORITHM','query face algorithm',NULL,'/sdk_service/rest/management/loadAlgorithm','queryFaceAlgorithm','POST','1900-01-01 00:00:00','1900-01-01 00:00:00','fr_system@xpand.asia','fr_system@xpand.asia'),('API_QUERY_FACE_ALGORITHM_PARAM_TYPE','query face algorithm param',NULL,'4','queryFaceAlgorithm type','POST','1900-01-01 00:00:00','1900-01-01 00:00:00','fr_system@xpand.asia','fr_system@xpand.asia'),('API_QUERY_FACE_FROM_LIST','query face from list',NULL,'/sdk_service/rest/facerepositories/peoples','queryFaceFromList','POST','1900-01-01 00:00:00','1900-01-01 00:00:00','fr_system@xpand.asia','fr_system@xpand.asia'),('API_QUERY_FACE_LIST','query face list',NULL,'/sdk_service/rest/facerepositories','queryFaceList','GET','1900-01-01 00:00:00','1900-01-01 00:00:00','fr_system@xpand.asia','fr_system@xpand.asia'),('API_QUERY_INTELLIGENT_ANALYSIS_TASKS_BATCHS','query intelLigent task',NULL,'/sdk_service/rest/video-analysis/get_intelligent_analysis_list','queryIntelligentTask','POST','1900-01-01 00:00:00','1900-01-01 00:00:00','fr_system@xpand.asia','fr_system@xpand.asia'),('API_QUERY_PERSON','query person',NULL,'/sdk_service/rest/facerepositories/peoples','queryPerson','POST','1900-01-01 00:00:00','1900-01-01 00:00:00','fr_system@xpand.asia','fr_system@xpand.asia'),('API_QUERY_PERSON_BY_PHOTO','query person by photo',NULL,'/sdk_service/rest/videoanalysis/peoplefaces/v1.3','queryPersonByPhoto','POST','1900-01-01 00:00:00','1900-01-01 00:00:00','fr_system@xpand.asia','fr_system@xpand.asia'),('API_QUERY_PERSON_LIVE_PHOTO','query person live photo',NULL,'/sdk_service/rest/videoanalysis/peopleface/image','queryPersonLivePhoto','GET','1900-01-01 00:00:00','1900-01-01 00:00:00','fr_system@xpand.asia','fr_system@xpand.asia'),('API_QUERY_PERSON_LIVE_PHOTO_PARAM','query person live photo param',NULL,'3','0:human body;1:full image human body;2:facial;3:facial full image','','1900-01-01 00:00:00','1900-01-01 00:00:00','fr_system@xpand.asia','fr_system@xpand.asia'),('API_QUERY_SUSPECT_TASK','query suspect task',NULL,'/sdk_service/rest/video-analysis/search-suspect-task','querySuspectTask','POST','1900-01-01 00:00:00','1900-01-01 00:00:00','fr_system@xpand.asia','fr_system@xpand.asia'),('API_REGISTER_CALLBACK_SDK','register callback sdk',NULL,'/esdk/services/ivsProfessionalCommon','REGISTER_CALLBACK_SDK','esdk_ivs_professional_server.registerNotification','2000-01-01 00:00:00','2000-01-01 00:00:00','eddy','eddy'),('API_REMOVE_CAMERA_CHECK_POINT','remove camera check point',NULL,'/sdk_service/rest/bayonet/delete','removeCameraCheckPoint','POST','1900-01-01 00:00:00','1900-01-01 00:00:00','fr_system@xpand.asia','fr_system@xpand.asia'),('API_REMOVE_CAMERA_FROM_CHECK_POINT','remove camera from check point',NULL,'/sdk_service/rest/bayonet/del-camera','removeCameraFromCheckPint','POST','1900-01-01 00:00:00','1900-01-01 00:00:00','fr_system@xpand.asia','fr_system@xpand.asia'),('API_REMOVE_FACE_FROM_LIST','remove face from list',NULL,'/sdk_service/rest/facerepositories/{PATH_PARAM}/peoples','removeFaceFromList','DELETE','1900-01-01 00:00:00','1900-01-01 00:00:00','fr_system@xpand.asia','fr_system@xpand.asia'),('API_REMOVE_FACE_LIST','remove face list',NULL,'/sdk_service/rest/facerepositories/{PATH_PARAM}','removeFaceList','DELETE','1900-01-01 00:00:00','1900-01-01 00:00:00','fr_system@xpand.asia','fr_system@xpand.asia'),('API_REMOVE_FACE_STATUS_NOT_EXIST','vcm remove face from list not exist',NULL,'111111',NULL,NULL,'2019-07-31 00:00:00','2019-07-31 00:00:00','eddy','eddy'),('API_REMOVE_SUSPECT_TASK','remove suspect task',NULL,'/sdk_service/rest/video-analysis/delete-suspect-task','removeSuspectTask','POST','1900-01-01 00:00:00','1900-01-01 00:00:00','fr_system@xpand.asia','fr_system@xpand.asia'),('API_SUBSCRIBE_ALARM_SDK','subscribe alarm sdk',NULL,'/esdk/services/ivsProfessionalAlarmManager',NULL,'esdk_ivs_professional_server.subscribeAlarm','2000-01-01 00:00:00','2000-01-01 00:00:00','eddy','eddy'),('DEFAULT_PERSON_CERT_TITLE_CATE','default cert, titile, category id for person',NULL,'1','1','1','1900-01-01 00:00:00','1900-01-01 00:00:00','fr_system@xpand.asia','fr_system@xpand.asia'),('DEMONTASK_LIMIT_PRINT_LOG','demon task limit print log',NULL,'3000','','','1900-01-01 00:00:00','1900-01-01 00:00:00','fr_system@xpand.asia','fr_system@xpand.asia'),('FACE_ALARM_HISTORY_PAGE_SIZE','maximum no of face on alarm history',NULL,'12','','','1900-01-01 00:00:00','1900-01-01 00:00:00','fr_system@xpand.asia','fr_system@xpand.asia'),('FACE_ALARM_HISTORY_TIME_PORTION_SIZE','maximum no of time portion on alarm history',NULL,'3','','','1900-01-01 00:00:00','1900-01-01 00:00:00','fr_system@xpand.asia','fr_system@xpand.asia'),('FACE_ALARM_MONITOR_PAGE_SIZE','maximum no of face on alarm monitor',NULL,'12','','','1900-01-01 00:00:00','1900-01-01 00:00:00','fr_system@xpand.asia','fr_system@xpand.asia'),('FACE_PERSON_TRACE_SIZE','maximum no of person on person trace',NULL,'2','','','1900-01-01 00:00:00','1900-01-01 00:00:00','fr_system@xpand.asia','fr_system@xpand.asia'),('GATE_IP_SERVICE','gate server ip and port',NULL,'192.168.1.65','61005','','1900-01-01 00:00:00','1900-01-01 00:00:00','fr_system@xpand.asia','fr_system@xpand.asia'),('GUI_GRID_PAGE_JUMP',NULL,NULL,'10,20,30','','','1900-01-01 00:00:00','1900-01-01 00:00:00','fr_system@xpand.asia','fr_system@xpand.asia'),('GUI_GRID_ROW_PER_PAGE',NULL,NULL,'10','','','1900-01-01 00:00:00','1900-01-01 00:00:00','fr_system@xpand.asia','fr_system@xpand.asia'),('HTTP_CONNECTION_TIMEOUT','http connection timeout',NULL,'5','','','1900-01-01 00:00:00','1900-01-01 00:00:00','fr_system@xpand.asia','fr_system@xpand.asia'),('HW_KEEP_ALIVE_SERVICE','HW keep alive service',NULL,'1500','','','1900-01-01 00:00:00','1900-01-01 00:00:00','fr_system@xpand.asia','fr_system@xpand.asia'),('ICON_MAP_CAMERA','icon map camera','data:image/svg+xml;base64,PD94bWwgdmVyc2lvbj0iMS4wIiBlbmNvZGluZz0iaXNvLTg4NTktMSI/PjwhRE9DVFlQRSBzdmcgUFVCTElDICItLy9XM0MvL0RURCBTVkcgMS4xLy9FTiIgImh0dHA6Ly93d3cudzMub3JnL0dyYXBoaWNzL1NWRy8xLjEvRFREL3N2ZzExLmR0ZCI+PHN2ZyB2ZXJzaW9uPSIxLjEiIGlkPSJDYXBhXzEiIHhtbG5zPSJodHRwOi8vd3d3LnczLm9yZy8yMDAwL3N2ZyIgeG1sbnM6eGxpbms9Imh0dHA6Ly93d3cudzMub3JnLzE5OTkveGxpbmsiIHg9IjBweCIgeT0iMHB4IiB2aWV3Qm94PSIwIDAgMjk3LjY1NiAyOTcuNjU2IiBzdHlsZT0iZW5hYmxlLWJhY2tncm91bmQ6bmV3IDAgMCAyOTcuNjU2IDI5Ny42NTY7IiB4bWw6c3BhY2U9InByZXNlcnZlIj48cGF0aCBzdHlsZT0iZmlsbDojMDAwMDAyOyIgZD0iTTI5Ny42NTYsMjQyLjA2NXYtNTIuNjljMC01LjUyMy00LjQ3Ny0xMC0xMC0xMGMtNS41MjMsMC0xMCw0LjQ3Ny0xMCwxMHY0MC4zNjhsLTc3LjM5My0xNi4yNjNjLTIuMjk1LTAuNDgyLTYuMDUtMy40NTItNy4wNDktNS41NzVsLTE5LjM4OS00MS4yM2w4MS43MDYtMjcuMzQ3YzUuOS0xLjk3NSwxMC44MTMtNS45MSwxMy44MzItMTEuMDc4YzMuMTYzLTUuNDE0LDMuODkyLTExLjc2MiwxLjk4My0xNy40NjFsLTMzLjcyOC05OC42NzNsLTAuMDc4LTAuMjE4Yy0yLjU4Ni02Ljg2Ni05LjcyMy0xMS4zMDItMTguMTgzLTExLjMwMmMtMy4wNjgsMC02LjEyNywwLjU2Ni05LjA4NiwxLjY4MUwxNi4wMSw3NS4yNEM4LjIwOSw3OC4xNzgsMS43NTQsODQuODg3LDAuMzE0LDkxLjU1NWMtMC45MzgsNC4zNDMsMC4yNDksOC41NTgsMy4yNTgsMTEuNTY2YzEuNTM4LDEuNTM4LDMuNzM3LDMuMDI3LDEzLjYyNiw0LjM0OGM1LjY3NCwwLjc1OCwxMi4zNzIsMS4yMjQsMTkuMDIxLDEuMzI4bDQuODE3LDE0LjQybC01LjU4MywxLjkzN2wtMC41NTktMS42N2MtMi4zNzgtNy4xMDItMTAuMDkyLTEwLjk0My0xNy4xOTEtOC41NjlsLTYuMTU2LDIuMDZjLTcuMTAxLDIuMzc5LTEwLjk0NCwxMC4wOTEtOC41NjksMTcuMTg3bDE3LjMxOCw1MS44NDVjMS45LDUuNjc2LDcuMjEsOS4yNzIsMTIuODkzLDkuMjcyYzEuNDI2LDAsMi44NzUtMC4yMjYsNC4zLTAuNzAzbDYuMTUxLTIuMDZjMy40MzUtMS4xNDksNi4yMTktMy41NzMsNy44NC02LjgyNWMxLjYyMS0zLjI1MiwxLjg4LTYuOTM0LDAuNzMxLTEwLjM2OGwtMC42MDItMS43OThsNS41ODctMS45MzlsMy4yODUsOS44MzFjMi45MTgsOC43MTcsMTEuNTc2LDE0LjU3NCwyMS41NDQsMTQuNTc1YzAuMDAxLDAsMC4wMDEsMCwwLjAwMiwwYzIuNzksMCw1LjU2NS0wLjQ1NSw4LjI0OC0xLjM1NGw2NC40NTUtMjEuNTczbDIwLjM4Niw0My4zNDljMy42OTQsNy44NTUsMTIuNTQsMTQuODUyLDIxLjAzNSwxNi42MzdsODEuNTA2LDE3LjEyOHYzNi44ODJjMCw1LjUyMyw0LjQ3NywxMCwxMCwxMGM1LjUyMywwLDEwLTQuNDc3LDEwLTEwdi00NC45MjVDMjk3LjY1NiwyNDIuMTEzLDI5Ny42NTYsMjQyLjA4OSwyOTcuNjU2LDI0Mi4wNjV6IE0xNi43NTEsOTIuMjQzYzEuMTAxLTEuMDk1LDIuNjYtMi4yNTYsNC41NC0yLjk2M2wxOTQuMjYzLTcyLjk2NGMxLjI1MS0wLjQ3MSwyLjU2Ny0wLjcyLDMuODA1LTAuNzJjMi4xNzEsMCwzLjc3OSwwLjc3Miw0LjEyNCwxLjUzOGwyLjMxNyw2Ljc4TDM2LjU4OCw5My44QzI3Ljk3MSw5My42NzQsMjAuOTk5LDkyLjkzLDE2Ljc1MSw5Mi4yNDN6IE00MC44ODEsMTYxLjM3MWwtMC4zNzksMC4xNDNjLTMuNzIzLDEuNTIyLTYuNzM3LDUuOTU0LTQuOTkyLDExLjE3MWwyLjAyNyw2LjA1N2wtMy40NjUsMS4xNkwxNy42NTMsMTMwLjc1bDMuNDY3LTEuMTZsMi4wMzEsNi4wNjhjMC44NywyLjU5NSwyLjY0Niw0LjU3Myw1LjAwMiw1LjU3YzIuMDI1LDAuODU3LDQuMzc5LDAuODg5LDYuNDIyLDAuMTA3bDExLjIxNC0zLjg5MWw2LjY1MywxOS45MTRMNDAuODgxLDE2MS4zNzF6IE04NS41MTQsMTgwLjQxNGMtMS4xNDYsMC4zODQtMi4zMTksMC41NzgtMy40ODcsMC41NzhjMCwwLDAsMC0wLjAwMSwwYy0zLjUxMSwwLTYuNDUzLTEuNzQzLTcuMzItNC4zMzFsLTI0LjA3NS03Mi4wNTdsMTgwLjAyMi02Ni40OTJsMjYuNDg1LDc3LjQ4M2MwLjcxMiwyLjEyNi0wLjE0OSw0LjEtMC43MjYsNS4wODhjLTEuMTY4LDItMy4yMjUsMy42MTEtNS42NDIsNC40MmwtODkuNTgzLDI5Ljk4M2MtMS4xNTksMC4wOTYtMi4zMiwwLjM4NC0zLjQzNSwwLjkwOGMtMC4zODIsMC4xOC0wLjc0MSwwLjM4Ny0xLjA4OSwwLjYwNkw4NS41MTQsMTgwLjQxNHoiLz48Zz48L2c+PGc+PC9nPjxnPjwvZz48Zz48L2c+PGc+PC9nPjxnPjwvZz48Zz48L2c+PGc+PC9nPjxnPjwvZz48Zz48L2c+PGc+PC9nPjxnPjwvZz48Zz48L2c+PGc+PC9nPjxnPjwvZz48L3N2Zz4=',NULL,NULL,NULL,'1900-01-01 00:00:00','1900-01-01 00:00:00','fr_system@xpand.asia','fr_system@xpand.asia'),('ICON_MAP_GATE','icon map gate','data:image/svg+xml;base64,PHN2ZyBoZWlnaHQ9IjUxMnB0IiB2aWV3Qm94PSIwIC01NCA1MTIgNTEyIiB3aWR0aD0iNTEycHQiIHhtbG5zPSJodHRwOi8vd3d3LnczLm9yZy8yMDAwL3N2ZyI+PHBhdGggZD0ibTQ3OCA3MmgtMjMzLjA4OTg0NGMtNy45MDIzNDQtOS43MjY1NjItMTkuMTE3MTg3LTE2LjY0ODQzOC0zMS45MTAxNTYtMTkuMDU4NTk0di0xNi40MDYyNWMwLTIwLjE0NDUzMS0xNi4zOTA2MjUtMzYuNTM1MTU2LTM2LjUzNTE1Ni0zNi41MzUxNTZoLTEwNi45Mjk2ODhjLTIwLjE0NDUzMSAwLTM2LjUzNTE1NiAxNi4zOTA2MjUtMzYuNTM1MTU2IDM2LjUzNTE1NnYxNTEuNDY0ODQ0YzAgNS41MjM0MzggNC40NzY1NjIgMTAgMTAgMTBzMTAtNC40NzY1NjIgMTAtMTB2LTE1MS40NjQ4NDRjMC05LjExNzE4NyA3LjQxNzk2OS0xNi41MzUxNTYgMTYuNTM1MTU2LTE2LjUzNTE1NmgxMDYuOTI5Njg4YzkuMTE3MTg3IDAgMTYuNTM1MTU2IDcuNDE3OTY5IDE2LjUzNTE1NiAxNi41MzUxNTZ2MjkxLjQ2NDg0NGgtMTQwdi00NmMwLTUuNTIzNDM4LTQuNDc2NTYyLTEwLTEwLTEwcy0xMCA0LjQ3NjU2Mi0xMCAxMHY0NmgtMjNjLTUuNTIzNDM4IDAtMTAgNC40NzY1NjItMTAgMTB2NTZjMCA1LjUyMzQzOCA0LjQ3NjU2MiAxMCAxMCAxMGgyMjRjNS41MjM0MzggMCAxMC00LjQ3NjU2MiAxMC0xMHYtNTZjMC01LjUyMzQzOC00LjQ3NjU2Mi0xMC0xMC0xMGgtMjF2LTEzNi42Nzk2ODhsOTguMDU0Njg4IDE2OS44MzU5MzhjNC41NDI5NjggNy44NjcxODggMTEuODc1IDEzLjQ5MjE4OCAyMC42NDQ1MzEgMTUuODM5ODQ0IDIuOTI5Njg3Ljc4NTE1NiA1LjkwMjM0MyAxLjE3NTc4MSA4Ljg1NTQ2OSAxLjE3NTc4MSA1Ljg5MDYyNCAwIDExLjcwNzAzMS0xLjU0Njg3NSAxNi45NDUzMTItNC41NzAzMTMgNy44NjMyODEtNC41MzkwNjIgMTMuNDkyMTg4LTExLjg3MTA5MyAxNS44NDM3NS0yMC42NDQ1MzEgMi4zNDc2NTYtOC43NzM0MzcgMS4xNDA2MjUtMTcuOTM3NS0zLjM5ODQzOC0yNS44MDA3ODFsLTc0LjA1NDY4Ny0xMjguMjY5NTMxIDEyOC4yNjU2MjUgNzQuMDU4NTkzYzUuMjM4MjgxIDMuMDIzNDM4IDExLjA1NDY4OCA0LjU3MDMxMyAxNi45NDUzMTIgNC41NzAzMTMgMi45NTMxMjYgMCA1LjkyNTc4Mi0uMzkwNjI1IDguODU1NDY5LTEuMTc1NzgxIDguNzczNDM4LTIuMzUxNTYzIDE2LjEwNTQ2OS03Ljk3NjU2MyAyMC42NDQ1MzEtMTUuODM5ODQ0IDQuNTQyOTY5LTcuODY3MTg4IDUuNzQ2MDk0LTE3LjAyNzM0NCAzLjM5NDUzMi0yNS44MDA3ODEtMi4zNDc2NTYtOC43NzM0MzgtNy45NzI2NTYtMTYuMTA1NDY5LTE1LjgzOTg0NC0yMC42NDQ1MzFsLTEyOC4yNjU2MjUtNzQuMDU0Njg4aDE0OC4xMDkzNzVjMTguNzQ2MDk0IDAgMzQtMTUuMjUzOTA2IDM0LTM0cy0xNS4yNTM5MDYtMzQtMzQtMzR6bS0yNTQgMzEyaC0yMDR2LTM2aDIwNHptMTMtMjc4YzAgMTUuMjY5NTMxLTEwLjExNzE4OCAyOC4yMTg3NS0yNCAzMi40OTYwOTR2LTY0Ljk5MjE4OGMxMy44ODI4MTIgNC4yNzczNDQgMjQgMTcuMjI2NTYzIDI0IDMyLjQ5NjA5NHptMTE1LjYyNSAyMzEuMTU2MjVjMS44NjcxODggMy4yMzgyODEgMi4zNjcxODggNy4wMTE3MTkgMS4zOTg0MzggMTAuNjI1LS45Njg3NSAzLjYwOTM3NS0zLjI4NTE1NyA2LjYyODkwNi02LjUyMzQzOCA4LjUtMy4yMzgyODEgMS44NjcxODgtNy4wMTE3MTkgMi4zNjcxODgtMTAuNjI1IDEuMzk4NDM4LTMuNjA5Mzc1LS45Njg3NS02LjYyODkwNi0zLjI4NTE1Ny04LjUtNi41MjM0MzhsLTExMS40MjU3ODEtMTkyLjk5MjE4OGMxLjgzMjAzMS0uNDkyMTg3IDMuNjIxMDkzLTEuMDc4MTI0IDUuMzcxMDkzLTEuNzVsMzguOTI1NzgyIDIyLjQ3NjU2M3ptOTUuNTMxMjUtMTA1Ljc4MTI1YzMuMjM4MjgxIDEuODcxMDk0IDUuNTU0Njg4IDQuODkwNjI1IDYuNTIzNDM4IDguNTAzOTA2Ljk2ODc1IDMuNjA5Mzc1LjQ3MjY1NiA3LjM4MjgxMy0xLjM5ODQzOCAxMC42MjEwOTRzLTQuODkwNjI1IDUuNTU0Njg4LTguNSA2LjUyMzQzOC03LjM4NjcxOS40Njg3NS0xMC42MjUtMS4zOTg0MzhsLTE5My4wMTE3MTktMTExLjQzNzVjMS4zMjgxMjUtMS4zMjgxMjUgMi41ODIwMzEtMi43MjY1NjIgMy43NjU2MjUtNC4xODc1aDQ0Ljk4MDQ2OXptMjkuODQzNzUtMTExLjM3NWgtMjIyLjg1MTU2MmMxLjIwMzEyNC00LjQ2ODc1IDEuODUxNTYyLTkuMTU2MjUgMS44NTE1NjItMTRzLS42NDg0MzgtOS41MzEyNS0xLjg1MTU2Mi0xNGgyMjIuODUxNTYyYzcuNzE4NzUgMCAxNCA2LjI4MTI1IDE0IDE0cy02LjI4MTI1IDE0LTE0IDE0em0wIDAiLz48cGF0aCBkPSJtODMgMTIwaDgwYzUuNTIzNDM4IDAgMTAtNC40NzY1NjIgMTAtMTB2LTQ4YzAtNS41MjM0MzgtNC40NzY1NjItMTAtMTAtMTBoLTgwYy01LjUyMzQzOCAwLTEwIDQuNDc2NTYyLTEwIDEwdjQ4YzAgNS41MjM0MzggNC40NzY1NjIgMTAgMTAgMTB6bTEwLTQ4aDYwdjI4aC02MHptMCAwIi8+PHBhdGggZD0ibTgzIDE1OC4xMjg5MDZoODBjNS41MjM0MzggMCAxMC00LjQ4MDQ2OCAxMC0xMCAwLTUuNTIzNDM3LTQuNDc2NTYyLTEwLTEwLTEwaC04MGMtNS41MjM0MzggMC0xMCA0LjQ3NjU2My0xMCAxMCAwIDUuNTE5NTMyIDQuNDc2NTYyIDEwIDEwIDEwem0wIDAiLz48cGF0aCBkPSJtNDMgMjQzLjE2MDE1NmMyLjYyODkwNiAwIDUuMjEwOTM4LTEuMDcwMzEyIDcuMDcwMzEyLTIuOTI5Njg3IDEuODU5Mzc2LTEuODU5Mzc1IDIuOTI5Njg4LTQuNDQxNDA3IDIuOTI5Njg4LTcuMDcwMzEzcy0xLjA3MDMxMi01LjIxMDkzNy0yLjkyOTY4OC03LjA3MDMxMmMtMS44NTkzNzQtMS44NTkzNzUtNC40NDE0MDYtMi45Mjk2ODgtNy4wNzAzMTItMi45Mjk2ODhzLTUuMjEwOTM4IDEuMDcwMzEzLTcuMDcwMzEyIDIuOTI5Njg4Yy0xLjg1OTM3NiAxLjg1OTM3NS0yLjkyOTY4OCA0LjQ0MTQwNi0yLjkyOTY4OCA3LjA3MDMxMnMxLjA3MDMxMiA1LjIxMDkzOCAyLjkyOTY4OCA3LjA3MDMxM2MxLjg1OTM3NCAxLjg1OTM3NSA0LjQ0MTQwNiAyLjkyOTY4NyA3LjA3MDMxMiAyLjkyOTY4N3ptMCAwIi8+PC9zdmc+',NULL,NULL,NULL,'1900-01-01 00:00:00','1900-01-01 00:00:00','fr_system@xpand.asia','fr_system@xpand.asia'),('ICON_MAP_NO_BOAT','icon map no boat','data:image/svg+xml;base64,PHN2ZyB4bWxucz0iaHR0cDovL3d3dy53My5vcmcvMjAwMC9zdmciIHZpZXdCb3g9IjAgMCA1MTIgNTEyIj48cGF0aCBkPSJNMzUyIDQzMmMtMjYuMSA5LjEtNjYuNCAxNS44LTk2IDE1LjgtMjkuNiAwLTY5LjktNi43LTk2LTE1LjggMCAwLTM1IDIyLjUtODAgMzIgMzIuMyAwIDUzLjMtOSA4MC0xNiAyMyA5IDY2LjcgMTUuOCA5NiAxNS44IDI5LjMgMCA3NC01LjggOTYtMTUuOCAyNi43IDcgNDcgMTYgODAgMTYtNDMuOC05LjUtODAtMzItODAtMzJ6TTQ0NS41IDI2M0wyNTYgMTc2IDY2LjUgMjYzYy02LjIgMi45LTEwLjUgOS4xLTEwLjUgMTYuNCAwIDIuNC41IDQuNiAxLjMgNi43TDExMiA0MzJjMjcuNSAwIDU2LjctMTkgNTYuNy0xOSAxOCA5IDUzLjEgMTcuMSA3OS4zIDE4LjYgMi44LjIgNS41LjIgOCAuMnM1LjItLjEgOC0uMmMyNi4yLTEuNSA2MS4zLTkuNSA3OS4zLTE4LjYgMCAwIDI5LjIgMTkgNTYuNyAxOWw1NC43LTE0NS45Yy44LTIuMSAxLjMtNC4zIDEuMy02LjcgMC03LjMtNC4zLTEzLjUtMTAuNS0xNi40ek0yMTIgMjg4Yy02LjYgMC0xMi05LjgtMTItMjJzNS40LTIyIDEyLTIyIDEyIDkuOCAxMiAyMi01LjQgMjItMTIgMjJ6bTg4IDBjLTYuNiAwLTEyLTkuOC0xMi0yMnM1LjQtMjIgMTItMjIgMTIgOS44IDEyIDIyLTUuNCAyMi0xMiAyMnoiLz48cGF0aCBkPSJNMzkxLjkgMTI3di0uMUMzODYuMyAxMDAuMyAzNzQuNCA4MCAzNTIgODBoLTM0LjZsLTguMi0zMkgyMDIuNWwtOC4xIDMySDE2MGMtMjIuOSAwLTM1LjEgMjAuNy0zOS44IDQ3bC0xOS43IDEwNC40IDM0LjItMTUuNyAxNi42LTg3LjdjMi41LTEwLjcgNy4zLTE2IDE2LjEtMTZoMTc3LjFjOC45IDAgMTMuMSA1IDE2LjEgMTZsMTYuNiA4Ny43IDM0LjMgMTUuN0wzOTEuOSAxMjd6Ii8+PC9zdmc+',NULL,NULL,NULL,'1900-01-01 00:00:00','1900-01-01 00:00:00','fr_system@xpand.asia','fr_system@xpand.asia'),('IMAGE_THUMBNAIL_SIZE',NULL,NULL,'120','120','','1900-01-01 00:00:00','1900-01-01 00:00:00','fr_system@xpand.asia','fr_system@xpand.asia'),('IMAGE_UNKNOWN_PERSON','default unknow image','data:image/png;base64,iVBORw0KGgoAAAANSUhEUgAAAPUAAAEOCAYAAABRk1ELAAAABHNCSVQICAgIfAhkiAAAAAlwSFlzAAAN1wAADdcBQiibeAAAABl0RVh0U29mdHdhcmUAd3d3Lmlua3NjYXBlLm9yZ5vuPBoAACAASURBVHic7b3pkyTpedj3e4/Mquq759rZCwCxCxAnCYomKZskRAm0whEWRTHskO3PDv9B/uJ/gJIYtugPihCDh2TKQRMyzSABkiCAALnEAtzdOfru6joz38Mf3syso6+Z6eqpzqz3FzExfWZnVeaTz/084jd/9488kUikMchln0AkElksUagjkYahhRDLPodIJLJAtIgedSTSKKKmjkQaRvSpI5GGEYU6EmkYOsr13cD7ENyYd4euC3mUv3cZ08e76Ge990gpEULgnKs+r74X3bPaoZd9ApHAOWEuBfAaoSoF8KrjXvbAKP+OEAIhRHWs8ue893DNQyNy94hCvWRKoZr/2uQTe83vX3P8F/j7CIGfPpcpoRZCXXOEyF0jCvWSuUh7ll8rNehVOOde+vgweXBMm9rzfy9o+SsPH7mDxJTWHWFaO08Ll3NXa+qb/J1pLvO9hYgxl7oRNfWSmfZ5y89n/GB5s0s04x9ztYs++bsTre2vsQQid48o1HeIWQ3tcM5hF2xJzWtq51wVJCuF2jmHlBKlVLxBaki8ZkvGe39OU1cCbS2f7B1c+fsv6j5dZnZbayuhllLOpLW01rz7+NGLv5jInUB7Ec2rG+ElzhuUUkgpsdZibV4FoBxBAyZKkec5wjuSJKk0pLMKISVap4xzS3+Yo1sp/bHlhz/6iMHgZtfnOqG/7vv9kcdZw87ODm88uI8UHm/H4fUKcDY8LLz3eNy5QJtzGUopHCGS7pzDWZCJxjmPZLExg0jU1DdHOLTSOOcwxgQBTlp4b4MZCwiCRgzaUGMsGOORMgiANZCZjO5Zn8OT03As6xgNx7Tbmzc7vWuE9rrilcPDY6zNGQ3HCCG4t72FFAqTWxKlEMKDcNVxnHdQCLcnRNe99zhrp+qcBFgHzkHMmC2cGP2+IaWpWpqtSqnCNw3mqzEm3NhOIBON93B8csLJSTc8BFCAxEvBaDimN+hjPaRpSquzBv52r891xStJ2kbahEGW8eTpM7rdLs45tIDt7W12dtLwc0lSvQ+i8Medc/jMFQ+zSbzAS4+UoJXCXBPdj/fnyxM19Q0RQlR+qdbh7bTGI4REoGinCQjB2WCAzyy5gYOjHkfHXbIsQ+t0kjPWCqlaQaFJhVAJ3tzMPL1OE19bZqoT0rSFyw25yTk6PSMfZ0gJ/XHOyWkQ6O3tbdbX18ujAoY8z9nsdJBKIVVZoWarB+CL5OEjL08U6htSBrqUCnakNZOP+/0BUqfkec7ewSH94RjnJaNRBiIhXWuhENUxhFBorbF4jDE4l6NvmCe+qdCY3CKEQ0hQKgEUei08iMaZo9cdopSie2Zptc5mounGGN77zNuAw3uLlsECEVJiTRZcEh3t70UThfrGuKCVhcDkQQMlScp4PObg4IDuKAhs76zPODckSQtR+NaJTjDGoJSsBNs5B96jEJU/ehNepuHjIpLCjJYIPB7vg0UihCDPx7Tam1hrGY4sg2FexRWUUnjv+fHHzzHGgPCst1s8erjL5tY6uvi71uU3en2R80ShviFBKCZpqdKX7PeHnJ6ecTwURc43pa07lc9tjMEYg7UT87oUauFByNAh5biZpr1pmam3hZAKhZdU5x2OK/GicBukRAhIfFo9oLy37B+d4b1FCs9gOMIJyK2j1UpYX2tDFOqFE4X6hkxaFh1aJyilGY/H9Ho9jDEkre0gqIXmqlJZxqK1Rms9eSAIiVC+OB6Fhrtd8/Q6oVdaVZF9KSVahuBW6XIYbwCwOLwr2jaLNKlAkMh2eJB5xzjrs394RL/fZ3uzw4MHD1hrxTLURaPx8U29kmvy+N5bwKOUwPgQ+MpHkoPjAeO8hWwVqSs/0bnee1SiQwfVlHns8OAAJIirSzpfF9a7kJMTIpzfVFdZMMvn7h8HM3kq7/DW44FEd/DeMxzDcDzm+eETHqy1+NRn32Vjo81w1MPavHhQgpQKLcSU5r+8hTQyIaa0ruO6fmbRKVI0kmwwpNc7otvLGOehiGTVSyumI9wXtZme9PrIT56yvbPO+lpKq9UqXBKL1gqb5dUx5uvYy+NHZonm9w3pDR3GZgAcnZ5w1u2T5S74jW2FsKvdu3jVkAbvPTmwd3TCae+MB/e2ePhgh3Y7ZAVKgZ6uS58+1nwzTCQQhfqGPH1+xGAwACkYjUaM8yz4yUpjvEPcMNDVRGaEUaV4Z+kPRmTZAcYY3n7rEWutFt65anjDZa2pkfNEob4hZ/0BZ2dnaK2RKiHRHWQikT7kmhOZLPsU7wTTpve0gFrvSBKNUh2y8ZDn+8cAvPX4DbY21hkM+lWEftoMn+T2o3DPE33q67jm/dneXCPPxyF/q3QRGQ5prutKMFeJy+4zrWRRdqpotTfIxn2ePT9GCo3UCZ1Wq+pYixr7xYia+oY8euM+42xEvzfCY8GFEkkpZQhi33Ltdh24bAZbqAl3mNxhCUU7SbpGno3YPz4jc/D+uw8qv7oqziH61FcRhfqGbG20SVKB8znSgS5TVcKFTqQo0+dGJU3PYDMmQyqNsxS18JpWO1g/T/cP2OlAu91mbW2tahoptXbkYlZeqL3KwZbdVjpoBAveFQEdQTUFxLtiMogotYzksOsxtoUXKV5Oyj2llOiiumzVuUz+vAcpUvBQeireG7wPlXlKKf72oy5J0ufebsbO9gab6y3SROHyIcILPBqEm/O1bXEsH46/Yqy8UAsnEHIyxqcUSCnAWodO2vT7fYbDLgBSaLyYaJyjrmU4HM4es6xrLrq3Iq9OqZkPD485PTnmjYe7vP3WI9rtNcbjIVJIPJNBDUAx1rgY2LCCCn3lhboMagW/zeO9q2ZhSw3Wag4Pezx//hzjXTEAYaKNrdeV8JYlo9XUE+eqjq3IqxHeV4mzOaM8YzgYk2cW1UlxaJQQ4BUeOxdhF3Djyvl60vjw7HQa5LJ/rhjCUQ6uN97hZRhqkHtB5iSZkxgrMRZyB7mVGKdmZnzBJKc6/bXIq1NeI6UUSicMxhn7Byf0Bxmt9jrGmKJPOwyimP6dFbi9L2TlNfV8CSJSkxbNF6NxzsdPnnF21gehSNIUpRKEc1jp8UKgCz+69Odm9lBFoV4AAu8dgtCuOhyNebq3zzDL2dnZYrMlpqbNzI43Bljw2PRaEPPUzpMkCUomZNYgEUiVMhgMODg4YX+/W83aqtIqInQgBZ9t4s/FNMvtIKUu2jeDDsqN5eDwhIPDI776+U/RbsvKzSkHGwpZLv5b5pkvh6iphQDnyW3OYJgxHI7xSAbjjOOjPuBQxc3hsXjniqYlgUBUrZRwXrBjxdPNKd9Pa8ELh5QaVbhJeZ5zfHyMUoqNjfWZuEYIgDtW0QRfeaFOkoThcMhgmHF00uXwqEueO6ROAYlSZSANBBJfztoqYq7eMxMYi2b3YrHWVua1lGVPeujlThLJ3t4eaZqSpilKybndYKu5tLPxQu2cQydlwUJwsMKMbs1wMObv90JKqtfrkWUZQiSo1iRi7Yu3qLo55m4SKSffKwNt4XOxkqbfognvr59xa6bHPI30Lj/48SH9TPGZdx+jhMWTgwbrPeoaTe0bqMkbL9RlnrN80jvn8ELhhcICT58+nUlRzbf5RcG82wghSNOUo6MjpDe8+cZ9Op0Wmc3OLRe4iCZq8uY9puaYjoSGCrGgpfPccHR4UglzkiRVGWL5s9GMvvsIQGvNcJxxcHjMYJQhkwSlkirFtWo0Pvrtva/mbOXWoXWKlIpev8/+wQlSJueWw8H0w6DZ70/dCQVDIYOBFJx2e7TbKWvrrVCYcg1NvP8br4pEYYKFKLVCSkV/kHHSHZCZyVje6QHzwIyAR+423nukSkAmHByd8uTpPsNBhlarV/cNKyDU5SqYsnxznBme7R1weHCEStohR11EV0tin26NcKawsgTWwTh3dLs9BoMBSulrqwmbSOOFGkD4MuKtGI0yTk66DEY5AjWjqUttDdGnrhsOAVIhVYIXEpCIBgbBXoTGR7+rQJhOQBa12oTAmFAqbMOYa7qYnbDRzKd5U1BKYY0DFGFV7jgsTmivNVYTX4eWDX/hQoQ1s1IIjM3pdFo4b2d854t/r5rS/ZrONPJKWI3EIbxH+oy1ToJxOT9+8gzzzltsp7O1+N77aq1w+Frz7v/Ga2oA6xxKawSQ5xYlNUJY8jwndkbWm7CHbLKXK8tyjAmL7rNxjuqEVtmym6vs+CrrF5rISjiNQgi8FGS55fn+IZnJi9z0SjzTGo21xWpcJj3tUuqiXjwI7XxQrOlNN83PU1drcwRZZjg+PsY6gU7SYpmdWer5RW5GtfeaIKxJkiCEIM8tp6dn3F+XpGlamdvT1YNNjYCvhKqSMiyAl0KHOWQqDAfMsqyRPtUqUdYglB+X5HnO2dkZxqyTpum532lym2zjzW/nHDLR1QXUKql8MC+bd0FXjWBpOYQIAwe9D+a3UglCqGqA4XT573z1YNNovFCXXT4n3VMOjk8wzpObYHJrvRKGSqMp6wlKc3r66wDj8XjGtwZmzPAm0nih1lozGo14/nyf58/2grbWGi8FeR4Xnted6Smw0751mbo6Pj5mOByeq+mXUjb2oa5r/6y6Zn+0EVv0hkec9Mc4nZKkLVxuwHlCkqvxz7VG44td3s4DQoX/IdSCA4dnjodvbuAVODNGSYHzDk8S5o0v79RvjSa+pplAyNnZGcfHx8UABIExBmvj8vJVwTnHYDBAEHxr731oy2zwqKnap7SmLY3LXstgMKia6a31COnC8IMGX9hV4Tq/2DnHcfeUrc0O7VRj536+ide/9pr6uo4brXVx4Sc7mIIvJWPDRgO4rgvLC8lZt8dpt4cTImxY8R5VjB5uIo2+q8uASFl8ML1YzTmHINaINh0hJZmxHJ12ycYOpTTeCZQWCB/LRGuH956zsz7O+iJfmRQdWVc3c0Sag9AKhKJ31qfXGxSbWEpN3szr32ihBuj1egyHQ/I8L4bvz27SiDQbX7hZxjiOjk8ZDTOU0jPz2ptG7e/s64oIdnZ2aLfbVXGCtbaaLtrUiqLIBOfCXjQvoNfrMx6PUUphTHNr/msf/RZF+XopsOXAA2MMWms66wqhBYwsyjuELJfXhf0NPvZLNxrpwrBJkSb0znp8+NFTVJqws90hz4c0cQhGo0pqpgv0y75Zk5lzY4qma39FNMMbjVJJsM5MRpIKNjY6SEmhqZt57Wsv1Jd16ZSCO2mKD6kM7wRCUWnrqKebTrDg0lTy6OED7u+uk6blMj1oYpNeYx5V85oYQvvdcDjGO2YCY00u5o/M4l146Lc7LR483GFjs4MQxWijhg77b4xQl5RauyzW3987CILtBYLJKGDnTBTsFaCsVRiPx/R6PfI8r1yv+YGTTaH2Ql2a2NObJ2Ey77sU6PnZ3tDMEsHILB5LmqZk45yjwy7WQJq2w31yTTNQXal99Ht6JzRMnszWWnq9HkIItNZVeeBkgmQRAff1fv2Rqwn3h0SpFsOBoXs6ItWt4n5x1abSJlF7TT0xp91EgKUkz3NOTk4wxs3ko8uG+vJ3Is1GqdA3L1AMBzmffPKM4+PTRleU6bqbIAIDXuKFwHiBTjpkXnBw1uN44Ku+WoevUpLWASJZ3klHXhvOWnQC3ucka4reyPJk/5T1zQ1aqQwh8DmmYy11tGRrr6lhoqWTJOQkDw6OODg4IMuaWzUUeTGmMx1SaLTWVRr0skBZHQV5mtrnqVWxOsd5z3g85uS0z/O9I3r9AVqv5tbDyIQgoD4MmxTh8/E4TBptpRuXarU6C3btNbXJHQ6BVinWeLqnoYFDSg0NDIJEXg4p9LkVS+PxmG63S5aZRs7+rn30GyFw3iO0RijDKM9wHlqtFOtglVLRQgh2Nztsb3TYWm+zud6m00pIlERrhVYS6xzGhn+jcc7ZYMzZYMRJd8hht49zzXvDvJsMTVBK4WyOyd1MQdJlu9XqKB/1N7+TFDsOvrNSSdDQyDCQDqjhNXlhHmyv85m37vP2w20eP9jijXubJPrVrRNjHQcnPZ4edPnwySEfPjnk5Gy4wDNeAp4qjen9ZJLoZTPKrlucWAdqL9RlG+V0lVCZp3aORlUNtVLNT376EV/49Bt85q37bK61Fnp8rSSP72/x+P4WP/OT7wCwf9zjrz54wl998ISj0/5C/97rIPTQEzIk3uP9ZOLNVYJbRw1dUnuhxku0lpjc0e12GY1GQBBmrVXtNxsmWvHlz77JV99/k/feeYB6zV1lD3c3+MbPfZ5v/Nzn+eCjff74L3/I33188FrPYRGEiPekwUcp0dhBGbru+Xfvc4xRoFOOzwacDUa0WxsYY6nzNXvn0Q4/+8V3+er7b9G6I9s533/3Ie+/+5BP9k74nW9+l4+enyz7lK7F+1Bw5LFIBXiJtTnet/BOhq9VP3ven66jGX437pYbkqYpw9xWuWqg2GhZr5E1Qgi++Jk3+KWvvce7b+ws+3Qu5e1HO/wvv/GL/MUPPuZ3vvldxne8HkAIca7Ftk73xctSe6HWOsyb2tvb4+zsDKAaA1wXoZZC8NOff5uv/8x73N9eX/bpvBAC+JmffIfPvHmP/+M/fptP9k+XfUoXIggCPd1fX31PCISYbdttwpD/2qe0pJRkY8NoNMIYgygaN6y1tfCZvvgTj/nVn/s8D3c3ln0qr8Tu1hr/86//l/z2H/4F3/vhs2WfzpWUQbOLuvWmBfvc79SMu3/XX0OWZWitefDgAevr61U+sg4Bsl/75a/wP/3Tf1BbgS7RSvI//OrP8LNfeHfZpxKhAUJdjvtdW1sDqKZF1mGj4caCU1LLRAjBP//6V/jSZx8v+1Reiaty1nWj9kKtta60cpqmVbH+/L7iyO0jhOC//ydf451HdzfIN89FO63rXjpae586FOt7Wq02b7zxBuPM0jsLuer6v7b6oZXkv/snP83/9tt/TG7upgv0MkUndbyHtK+5shaAFB5hczZakGqLkgYhEhwCQbix7uLFOZ9oaQb3t9f5xs99jt//k+8v+1QQEvAKVyR6tBJgHZ4cqQjdW1fM/q7jFaq3RMNMX2ye59USPOcM4pKIZuT2+YWvfIbdzbVlnwYw0cxlVgSoSombSO2FukIEP3qjs4ZOFAJXzCKLLAMlJb/ys59b9mmcwzkXNrd0OrVIeb4KtX9VUkpc4Ve32y12drbotNJQRMD54pO6B0HqxFfff5u19nIHVUzvqg7BU0+apmxubpKmzRyiUftAmShGAUO4gGtrbTbXO+S5JRtnCD2ZRVb311o3lBT81Ptv8yd//eHSziGY3h7KdUsWdKLodFpFb/XVJngd75m7n8y9hulSUGMytNLcu3cPrdrs7e2TX/J7d6MkcHF/e5wZnh+fcXjS5+C0R3+YMc4M49wgpaCVaFqJZnujw6N7Gzy+v/VafN4vf/ZN/r/v/ujW/86lCIdAhkEa0zvUhMA5e+31r2OgrPZCDZMCFO8cUsLWxjpKJpyenpKPL38S1/EpXOK958fPjvjg4wM+/OSQpwenuJfsKHrj3iZfee8tfv5Ln6aV3s6t8PajbRKtlpbe8t6jpMS6SbCsXJgYXLTmUXuhVkqR5/lMsUm4kCHVVVJnAZ7m470TvvPBE7774VN6g/GNjvX86IznRz/gT77zIf/1L3yBr33+nQWd5QQlJe882uHDJ4cLP/aLUg4fFEIg5PzOtTrq4qvRsu4N1U6iZYK3Hi0UOI+UFuwIxRi8BGThP4EvouTOZwAIlliq+YIPGmsd3/m7p/zp9/6epwfdqV9fzFSXwdjy7/7ou5wNMn75a59dyDGneXRvix89XU7vtfUe40EhUU4gRIL0LuSrhbn2YV9HVVB7TQ1UM6dgsoYnTVO2trboZsMqdy2ELCaMekLg/24vMjDG8qff/4hv/uWHDEbZrf+9P/yzv+Xx/U0+9+7DhR733tZy89XOObRQOGdD/YJI8N5dW3hSVxoh1NOrd2DST727u8teN2c4tKFIRariGpb7tyT+Dsq1dY4///7H/D9/8UN6w5uZ2C/L7/7n7/P+v3ywUHdlZ6OzsGO9LFprjHF47wBLmmo2NteKhYk1t1IvofZCXQY8put5pzu3tra2yPNj8tyi5NTvUGjuO8aHT474nW9+j8MlDfk7Phvyo6fH/MRb9xZ2zHSJ45iEEEjv8IQS0QcP7/Hg3hZaK3AZUVPfQebnSJUaxlobtPW9Hc7OzsJeYizeS7wP42Ktt8g7MvC/Nxzz+3/yA/76754u+1T4m7/fW6xQ32Bs8U0xxiCFwDuDlgn3d7bZ2lgjy4fgRQNFuiFCXeYdy3+l5nbOVVVDZRqjXL0ipcL7u6Gpv/vDZ/zON7/HcHxZVv31ctobLfR4YonlutIXGRKb43EI6bEuxxuL0hIauLyg9kINE3O7/Hi6FNTaHOcnnVplEYKUGu/tRUsPXxvDUcb/+Z/+6k5o52kWHZQbZ8t7WIXlDh4hPFpLvLcYkyNkcL98E1Nayz6Bm1IVEUxVC5U56+k8ZJj1rHBT+6q9t0tdOv7vv/m9O7nmprPgeu3REqeNhmUPIXC6tt4mTVOkBOE9eZ6j5d1wvxaJrv0SOeFQUuKwIEDqiSA7LClAnhOeyRIvfTC97Tg8rZf4XPMXDMG7Cyw6BXV8Nlza65RSgs9JJXz67ce0E8U4G5Imbay6G+7Xomnmq5rCWlvtrc7zcRVUUzJZqpa+y9zfXqxQ7x/3Fnq8l6W05rIsw2OrmfB1HNT/IjReqNOW5t79nSpgpsXly9EiYRzRFz/zxkKPOV0F97ophTdNU5ybuF6lm9ZEmvmqpuikLXa3t0hbCbLoqcU29yl9U77y3pt0Wsn1P/iCnPSG7C1RU0spSZKEnZ0dOp3OXPpzaad1qzReqK0NQRrnHMYU9d7l1Mgo1zNIKfiHX/n0Qo/5gx/vL/R4L4uUoLVka3uDdrs1CaxKX2ntptF4ofZYnDekU0ERrXWxjb7xL/+l+OWvfZZHC14s8O0ffLzQ470s5dw6oOgBsICr6huaSO1TWtf5xlJCq5Vy7949hvkh1lh0mpzLZ6867zza5usL7tD60dMj9k/6S32PvffV0kRjzIwf3dRrX/txRtf1w4aLmrJ7b5uDkx7d0SC0XlpIUtnEgqKXppVo/sU/+urCb/I/+vYPF3q8V6HT6bC9vUW73UZKS6ISjAkumVIC4et+/59HI2pugngJYj7wNXlNPgedevJxhnc5KItQoKUqJoWstlRrpfgf/+nX2N1cbCfVd/7uCT9+9noHI1wU/Exdn8e7j1hvKfLcYUyoIhTCo4vUVtOovVM5PclCSllUk03yz1rrMJwQO5eblDTg5d8IJSX/8htf41Nv7C70uMNxzn/40x8s9JivSpIkRZDUVD0CpQneRIGGht7VvgqCBWGumj2URKCKLq0wUWRVEULwG7/yU7z3zoOFH/vf/dF36A9vf6jDPBfFSO7fv1+lsqanzjaZ2gfKpql6q91Eaztv8FIAEilU8ZQWSFl2dC2vLnmZ/NovfWXhRSYA/+93PuRvP1puGmtaaLe3t0nT9Nw2jiYLdu0DZfN+lEAhVTm4XaJ0gvOSzLiplTwWpXTIU9f89b8sQgj+2S9+iZ/+3FsLP/aHTw75T9/64LUKzHVFRMYYjDEz2Y6L+u+bRAM0tZv40F4iVRBmYwx5PmZkPNZ4jo67xQxsWQx1D/lrqVan/lsIwa/90pf5qfcXL9B7x2f89h/+5WvvOpsWyosEfH4yznRX37yAN4UGCDWEaHcIDwghsNZydtbn+PiYk7MMoRSjLEQ9k0SHC4pDuCZ2016MEIJ//stf4avvvbnwY3f7I37rD77FOF+uKzM9IrpEa41SCu99pbGnf7aJNESoiyewc5WWPj095dmzZ3ixTtLu4J1AqQQhBMZmSHyx5nTZZ377CCH49a9/ha98dvECPRhl/Js/+HPObjiD/LYoXS4o2jDFZDhlU5s6tKDe5qeXAm+DD+2lA2FxwnPcz7Bqh1anDYCS5YgjkCKd1H8394ENBIH+F1//Ml/6icUHxYbjnH/9+9/m8HS0tDbWeVM6fD75vm61QqDUGZzPi53gEolAIqj7/X8RjXlMzftKSgl00piX90pIKfiNf3Q7Aj3ODL/1B99eagcWnDe5583q0TBMDJVCI4Qq/oVxVqqh8ZRG3PXldQwCPTveCM5f8Cb7UyVCCH79l798K2mrUWb4N3/wbZ4eni382ItgWtA/+eQpZ90+3oMUGq3TYj6dwNpm+l4NEeqi6KDwl8qc5HRgZPpnV4F/9otfvEWT+1s8WeLgg4u4LIo9Hud4PzHPnQXvwsd3ZTz0omlMoKyMeJWm99raGv3BcjYtLpv/5h/+JD/1/u0Exf717y/f5H4ZJqXD5yPjTaX+mnqumaNstdve2WRtrX1ue0fT+fkvvcvPfmHx2yv7w4x/9XvfurMCfZkF1m6nMy6ZkH4SAb/ju9RelfoLNWEQwuSiOpRSdDqdCwMhTTa/P/vWPX715z638OOeDcb85u/9Ofsny1kF9LJMx1DeeusxG5trCFEMzHAG7y1Shl77JlL7lzVdpC+lnOnEyrLsQi3dRMHeWm/xG7+y+J7obn/Eb/7un3N4OljocRfFfBB0/nrrROK9w7qcUH1YBlFtY7u0ar+fOhECUHjnkFLhvEVJiXKWVMKIi7t3mibY/+1/9UXa6WJDJL3BmH/1e9/mpDe6s++XwGGdRakElETgcCZDOsf9B/fYaKfgHR4BQk//YpE1qff9fxGNCZS96E03PR64KaOCf/pzb/HZt+8v9JjDcc5v/Ye/4KQ3XOhxF42UshLL0C8dVjC1koTt7e2lntuyqL35PU8ThPRlSLXiH/+D9xZ6zNxY/vf/+Je18KHnZ81NDxQsZ5OVX18VGiXUq3ThSn7+y++y1l7cnG7rHL/9h9+5c3noF6EUbufcuf7py362idS/n5pCmJvnGl1LohW/+/553gAAGtpJREFU8KVPLfSY//6Pv8+HT48WeszbZNqVCj13k5XG4d/lJaSXfa3u1F5TX3ahLguMTX+97hf0Jz/9kNYCg2Pf/9Ee3/3w+cKO9zq4qD+6vK55Hlbo1v06vyy1F+qrmH5iX/T1uvNTC+yNHo5z/uBP/2Zhx3udlPvJp4VaKdWoB/jL0Jjo94tw0aSLul7sNFF8+vHOwo73f/3ZBwxGee3eDylksW1l0iOdKMXa2hobGxuEpObFNHbyia+5spa0AHC44imdYHOHFo5339zhB39/jDEmrNoBnLPIatF48MHqyDsPtxcmgMNxzl//sF5md4l3AiHB+QyFRHqF8p7HD3dYT8fYfPo9mn2/vCfkrxtG7TW1tfacmVWaX6EOvFdNvyh/rpz/XGfefWNxWvrvPjmsrcYSQrA6Q6lejNoLddmFM907XZaMlrXf03nL2QkZgpreyzzYWV/Ysf72o4OFHWuZXCTg1z286/owu4rap7TkVNDLz/lWV42CnQTL6vn6dzbaCzvWJ/vd+louczIZXseLC2ptX/cV1F5Tl6b0tEk9HQmd/rwsSpgdNlfPi7qzsbjdV4NRvrBjLYN5i6uJgvoy1DtKVnCZRi7Hws53cs0Lfd2QUpAmi5naMRznxaLASFOovaaebrmcrvstv9dqtWY2NJR+dp2bOZIFDsyru5a+jpX0qZd9AjdlZqbzFFJKtNbs7u5irWU8Hp/zs0OEvH6CnSxISwMMs/rlpmdooFDelNoHyhBixnwUhXBb5xBS8mC7w8HeGGfHKLUGEHpvfTnkvX43hVqg05QbCzUe66OShFGeoVQKziJkjhcGT46Sm+T2akuk9vf/BTTCp74KqWBtrV2kO0JO2xYXuomm18tiTH0FGkJ9t2KSAbHW0k5SpJRV7feq0XihVkqwu7VNkurK716FfUoviq35SJ/SzZLF8zlJEu7fv8/GxsZCLZo60fiXrZVga3uDzfU1cLban1S1bK44dbdVysCoMRnOGxCeTqdDqmofLnplmi/UQtBOE+5t76C1xrp8MqBw2ScXuTHTFYRSSlJdLEE0+cq6V7V/nF2bsnAGJTSbW+usn65xctqbmQVeR229yHMWCz7e6yZNZBX0TLXm3r1dtjbWkcLhnaGuxUU3ofGa2juD945WK+Hezi5pqjE2a+xytFXEWouzFmst6+vrpGnYahqEevVovlB7jxSeRGm2tjZI0xRjTBTqhuBcWN7QarWKmd6ePM/xzlXttquGFrLufsfV569kUqQ9PJtrKe8+vofNMobDPmudLTKTo5QqasInzSA6kaGtk8UN9Vsci3wWiwUf7/UilcLkI5RwvPeZt3m0s47JRwglyY1H1v7+fnnqezVfkDLaXbZnhpU8LbRUjMZh68T0FMryY2s8+Ma/PbWnbNApKwqnYyWrao01/q4tq0CttWAdmxtrvPnGQ7a217F5hrM51mRIUQ6vU9X+Yq3T5Z585IUoA5/lQ7nMblw3JripNN7pqCqNnANpSNI2u7vbeCdQCHqDMaPRCGQwQ4UwKJ3e6QEK3f6I//Xf/ueFHKvu+6TK6zQ9ZNJ7j/P1n27zqqyAUKuw3dALrLVk2QitU3a211nrtOj1h+ztHZBbh3MwzkPEdLrz6y6S5YvTQnf1Nb4IQkisY0agSxNca72S2rr+DR3X4H0wwQWiCIRZvM0RUtPuaDqdHdotBVIxyhzPnu/R643wQp3r/IrcPZRSjEcGnK9m0WmtMc6em1+3KjReUwM4Cwhb+Vvg8c7gnECqnI3NDkmSkhsYDoecnZ1hrS1mmq1msKUuZFmGlJK1tRatVqv6eqgqMyuZ1mq8KpqOhgrhcc7gnEEIj05k+NjnjMcjvLesr3dYW++gdDMG/jedwWBAu93mzTffZHd3F+894/EYYEbIVwnd9LRNKZfeKUBVRYPegXUeKVKc9Qhv0AIebq9hxg/46JM9jIWoqJeLwOEsCCWLTRyhStDZjM21Do/eWuPBg3tsb3fwboy1IdCJL9KSzddb51g92+QCpqeKlqmREGCJb89dQClVpSadszibs7mxwdtvPmatBWmaFt+bjeTXeQ7dTYh3LYBwMJUWQRTLy5XArd49cacQQiAI87ylBFMEv7Y31rl3fwflc2xR9w1URUZ1nkF3Uxof/X5RhPDnxhuFG+PumW+dVsI3/ovFLJp/st/lW3/zZCHHug2EAOctzoWBF1oqOmtttrY3EN6R5/lM0UnJSgv1sk/grhDMbgPFzSGEIMtzkvTuOdWJlnzhUw8Wdry7LNSuCnT6UAzkLVvr22xvbuCLsVTTJaLT/dWryuq+8gJPMNumFwGUGxNXtXb4LjE92tnYLGy1TBVaEqKdzC6eLz/33q9k4QlEoS5uiEkjh1Swvt5hY3OdFX7Y3ymmA14b62t0Oh2sNdV4qvllDavOyr8Dpald1QwXXV1CiJWdRnmXmN5UqrXm3r177G5vIQvtrbVGKTXTiVdq9yS5i22zt4+WKxpMKHHGIITCEeaBW2MR5Ly5u05+1ub52fRu69la8HDzvH4TfZXGGbnSLfIO8hzGY4S3SC3InUHa2fd/+n72zrGK9/fKa+ryKT+9KVNpSavVYmNjI4zKca56+l+1STOyeKohkd6ztbXF7u52CGJmGSLmGy9k5YU6MPGpqyCLM5V/VgZcLgrIRG4Xay3W5YBjY73D2nob711RXRaTNxex8nlq58pGD1EExmQVORWSaqZZZDlIKdEypdNO2N7eRGtJnptiD9rdrCNYNiv/jpRBMWAmipokCZubm6ytrVXm+fTvQFzb8zrwJrhF6+0WGxtroZbfW5SQtR/wcFusvFALEQSzjJp6HxbGCSFot9uVUM/+zqwZHrk9yliHUgohPc7moUgIh5axjuAiVt4pmQwblDNfA4eUeqYAZdpVKT9ehvuy6L95l10wrTWbGxts72yiAOcMSovCp767I6eWSdTU1Q3tZgJgUspiSMLlnT6x0OH2GQ6HdDotNjc38Vicn/jT0fy+GF3n3cSLQU5p3VmT2pgM7UYk3mNFgvcCpcC6MVJqhE/wcSPXjVBCYlw+04AhdBBaYxw/8bjFO4/WScjITZjDbg1TltWq37/niarmGqbHz8JUeyb1n8R5F3D4mXSiEAKsK/xocS5QOfNzkQtZ+ZTWdcEurSVKC/Lc4X3wvaXUCBRCSZaxO1MscunbkgUkjJaaFVRrLUpBp9Nmc3PzXPZhevlCdIHOs/KBsvkbev7ze/d2GAwN9nSIw+O8qfquvfPR1rkhWmuklFhbCq3D2RytNJtF8wbM9kcvM0hZB+IteQnlDdPpdGi3W8zvHIvprMWQ5zl5nlfluBIVagS2Nnj08N450xtm+6Yj54lCXXDZDRJ6eE1RVRZ86LIjKJp+N0cmctJlRVFQ4jxaCtKWnhHg8800UagvIt6VVxBupLKfd9JwX5aRrmoT/iLx3mPnRkgBaCHRc9mIaeGOltLlrLxPfR1CiHOmd1UrjsItIaXSH+X82//7uws51nC0/J5x7z2iSC1660E4PBZrcySzZvd0WW/kYnQcbB3wwHRQ2cOkWskXEW+hEITF5kgPzldlpq8T5y2f7J8u7HjLlBHtE1AW7w3eS0Si8C4BL1FSgFdV/YCQsrouUiXnrlkkEM3vSKRhRKG+hljoEKkbUaivIArz3eGiaxGvz8VEob6Ay7RzvIlul4u64F7kZyOzRKGe40VvlmiW3x6XVYzF9/vFiLXfL5nvDO9XzJEukqvyztcNe1z1+/cioqaeIt4gkSaw8sUns4Ul5zXCdTo5PghuiL/aWhLSg/fntHX1ecP3q78K8R25gBikeb28TIAscj0rL9QvExiLLJ5XfV/j9biclTe/4fpAzWw09nwdeOQGFG+nEGLm48n7Ht/vl2XlNfU8L2p6x5TW4onv52JY+ZRWqQkuKza5SH/H1r/FMv1+ho9f7ncjs0RN/YLEm+d2uElMI16Ti4lCfQnRzH69XFRUEgtNXg2NWO0xtxeZ0pffPKL4Z6fyo/G5eBO89+AUzvkwpN/lODsC30L64BxdJcw+zv0+R7wjI0tFSF/Ne3MuzPvWWqO1jttGX5GY0uL6lNbsx3NVZ9EivBHeeWQxHso5B0Kwvr7Ozs4OSZLgfBTslyVGv+e4LCBzoX8XA+ALYRL5BiElnU6HjY0NtJZk+dVCHe/f80RNXfCi0dV4Ey2WYHabYvuJwDsTVtUKh7FRS78K0ad+BaJgL47pwY2lG+Sci1stb0AU6ku4qFE/plgWz/Qs7+klCeWA/8jLE83vyFIJo39DqtB7W23k8N7zUqVlkQotaPbcb4+t9jGVw+BL004pRZ5BmqZYG3YkKyXRKmgNYwwfPunR7WUgBL5aeC4BjxcuBr9viEchhQfhsTZHJ+Ed7Q0t9+8/wA+Ow65qZ4vro/AibMsE8F5UA/7nd2yFJQHNvr8vovGa+nyX1WxTvtYCY8ZIqUjTlCzLOB4MsNaSjQ17e6fVep3y5om+3uII16dcgiexxtIfjjg8PGY0yri/mZIkCUqqsOrIWwSTLi7nZq9nXMuzAkI9HXi50EfzFq0kOknInWPv4IT9gyOMB2scuaXy90qBjjudFof3AucFAo+UGms945Hh0BxzetKlt9Hh3v0dtjc3UKnCGxNy1y6Y7eU1nd+5BeEh7Ffw+dt4oZ42y+Y3JTrnUBKSJCHLc/YOTvnk+QH9wRiddPBe0GolwOThUB4zCvTi8N7jCRpbqfC5MY7cG8b5Kb1RxuZGn52tNbY3N2glbazJsNbip8qcp92s6hot8XUti+YLNWEXE6LcVunCzVNo3iRJMMbwbO+Qp88OGOeWtLWOSlKcA+eyybGmzPhSyGOE9mZMCyKAEhoESBn2VXsUvf6Yfn/I2VmLs80+mxttNtc7rK2tMxoNq2N5Fx4M5e4ta1Zz3W3jK8rmTeXSlA4BL8/zw1PGo5xnB6cMMkOariGkxpRrai/YjQxBsLXW0b++KQqE9YDHe4fFhWskBFJoHB6tFXjLYJgx6O+TpJrHDx/w5lsd2u02zrmZ1cLz13vVaLymng+ilAI9Ho/pdrt88NERQijy3KKTDlIpjMmr1apSqXPHK/3zUstEXh3vLUgQ3iP85P10PmwUVYSHrxcCKTVeCHLj2T8+ZWQcj3fbdDodkiS4SdOCvapWVONfdXmxS42qdXiOdbtdPv74Y8ZGkFkQuoVSCc4FTaG0x5NXZvZ8gMw5F7uIFoDzBo8FKZEKpILpdmBr7cTCUgqlUxCK/thweNrjgw8+4ODgAO99iJIXFtiqamkALerejyongTDJJGVValODxXhHp7NObjzPj/uc9YYcHXUZZC1a6cRYKdMqQoB3IIvd3dP3hi+WIq/o/bJwlG9VjTHzd6KHan26Z9JAo1QSss8OeqbDRwcDutlzdre32Npok6YJwudYm4EL94LWGu9F8fsKYwxCqAv+av2pvU893UTvASXmChHQJAk4Lzk8POCTp/tkuSsi251oPtecNE2xxnN0eMyg1yd/sMOjh7skSQuXD0iLuIeUurK4rLWFeU4l6E2iET719NA66x24oLOFkDgv6XZ79HuHHByf0OuP0DpFSBWrEBtAKazGGLpnvcp9ur+7Q6u1CXZUfM2dC3g29YFef6F2Hk8RuBIa5x0ej5ChIeDg4Iy9vT36vQFeSNrtNbRKyYwpnuDNe1KvEs4F3zltdfAuYTQc8/En+zgrefPNN0hVgrUe50BKf06o626pXkT9hRoqXzqYVRKZaLKx4ezslE+eHJJlGUKlJFqDl2TGVH6Wc/bKYzfxojcLgbWhJj/4zZ5RNmLv4BjrJZ9+vFV9PQRLgw/d5Mh47V9ZlbrwMkRKpSBN2mTG8mxvn9HYIlULnbRwXmCcBULjBkyi2Zf9i9x1fBVDsQ6kUrRaner6P3v2jGycI4UqSn1D5M0XKbMmUnuhLpFSkiQp3gkGozHD4ZBxblFpAkpWxQnh5xKklFVOM1JfvLcoVQa9isYblSCkJjeO/f1Dssxc8LB2jS0cqn30u2yR1DoUJnS7PY5OTjnr9smyDJJW+EElUVohvSPPxyEXrV5uG0Tk7iGkB+Hw7nzFnyoKh8qHeD7OEbJ0qc4PwWgKt+5TT3c2lZ/PBCuKD8unrPATf8daS6Il1he/7+WkK0cASMayQy5yTo/OOOv26PUGjEYjlEqQag0xld+kaByQcvKyG3hNV4wE/HwtQVFHrhS5T3myf8rbSZtWu4PJhuA9UjiUEtiidbO0xMOEWEe5ttwwHUyb7wiTd9KEv3WhLpsepnPHMCkQoZz7jKzMIWt90RCvyXKL1JokaWGMYZxlyESDF/R6PfaO9/HeMx5l5LmtigqUTCYprsjKklvP4fExSknuP9hmrd1CYjE2C+OJpQ6DD8v4CgKK+8Y5hyoqEKfz2dOK6S5aercu1BcJchncCp9bJALnHTBbT621xstWaMNzjsFgxNHREYIQ9DjunjIc2coakFIXHVhqxsSKrC46bZHnOc8Pj+n2e9zb3mL33iZpkoQ4uPcIqZFC4LE464IZKBSqiJqHH/NM57UvmmF3V3gt5vf8GzL9PSEkQUGHaDQE3xfAWMdRd0S328UYQ57nnHRPcS5UEgVfOgVAyrLNspx3Bd67KNcrjvMCITXWOU67fQbDEaeDAakO98rbb96vbpHyfpS+EGLnUYW7JwSIuRVVd7Wn/taFelrzlk+16eYI5zwISZqmeA+jzODynNEo4+TkhOOeYTgchrxykiBVq1hppUlbLYTnwihm9SCJQr3STK/yUa0wEunw6BTnHK1W2ABSZkU2Om22trZYW1tDCoHNTRHrKdNmMjSfMLWd5e7J9OstPpnW2GULpJMaazyjzNIbDDk9OWNsLFmW0T3roVQrPBjCb5EkwVc23mG9R3lmTKSJae9WdvJFZEIZzwGKqjJJKtvF1BvN872j6r7pttv0BoatrYy1tTWSJKElXDF4QYR+b+vxlJ1jHnkHBxuKP/vh3q3e99PD/sqgmVLhiZllGbK1yWAw4Oiky/HxKcPRGIcIgS6tUN6hVNEr68pqoODr5M6SinAsqajqfsscdHgYNCYVH3kVvK3aMcdZhlJJ5bpZa9E63B/Oh7Jhiu2b7XabVivh8e46aZrSaiVoHY4T9nsVSuMOljq8ljx1udFQKVVp2n6/z+HhId3xAdaGCZLWONJ2B+PAOmglbXw2wNq8qO0GYz3OZeHhQMhRhs2J5RPTTf2DBtXXRF4BKam6stIkQRR1DcYYkiTBTmxAlARkMNd7vQHdriPvHbGxscHOzhbr6+skia7iNpUJfscQf/aj/RtpakfQiolUCOmLlJIgUeHNk1IilASvcSisk/SGI54/O+D5/gFK66pQYNZUmvjdkciyyEcencgwDz6RtNua7Z0tNjfDKKW2z4rZd7ZI0RaWohdYa1GE382dLQJxwWIVSmJdTnILHvCNj6hl2VDhgDC3KzSmC5RKwuB1FMZaznp9jk569M76ZMaH+VIXjHYtiQIdWTbtThp8aZeTDXIGA0d/0CsCam3e2F5H6zCRpSxFtia4g6lWxXpekDgEAl8MbZAe1C2FtG58VG/Dloow+TFU8XiYTJvQbU5OTtg/OuasO2Q4GmNsqOpKkgSFmxHmu5giiDSX6xSHLabJlpNnrbWMhjnZ+JAkSRj1wtrdra0NOq02WmuEc1M+usXhEAKkDD45ziFcEPDbiLNdK9TXvWjBZFC+lBKpEkI7nGU0zumedTk4OOFg/wjjPGnSptNpYQk9ruqKpvW7mgeMrA6hUWQ6Y5NMTVDxPNs/oX02Yqs3Yndrk63NDu1OivYSawxeFTPnrcMVJrgSQeyElPhbGKck/vzHBzeSGiVCWafSIc88HucYB1mWcXLS5fnJ2WQIflEJ5ouglncguTp8GIU6cptcp7SUdEUqVhTKK8SAvCuGTwqLNxa8JU01W5tr7G5vhnJUKdnabFWZH5O7UHdexo68wMvFh89vbtRLFXxqpeh1+3z8yXMG4wwpFKNRRmYdSZJUUzydA+EmWw29mC1MmSf61ZFlYowrgriiWO7gijqIoHBSneJlWO6X5zlHx136vRFpK0w2ffQgFLOsd9ZI2iGtE1JhDi/crdRR3FiojYPhaESWGU66A466PcbjnLS1jpQJnVRTbsaAIk8tJc6VX4vDCCJ3l9DRFyofy+KpUrC1kuRF22+oiAzbXka5ZTAe4ryh1wtBtd3dbVItaSWa9U4LJLe25+vG5ndvmLG/f8jhySnWSaRKkSLFUWwktFnlb4upxnQhghli517YfElpJLJMlNBVukrpyeaPslW47N6qipzUpCnJe0826JMkijTV4B0baykP7m+TpgnSQ2ettfBzFt/68fGVQu2dQwgfGlcKQVMyoT/MePLkGZ/s94un1KREc2KixDxzZLUpOwin+xOEEOR5zs7ODl/4iW3SNJ2py5j5/xXC4y8U/Z7vYpzeIjn7c7PtaFGgI6vORZbndOn0bXCtUIdJI2Hsbsn8atiYeopELuayiT/T31s0L10YfdmJxAmckch55jX068jyXCvU15nZUZAjkau5SD4ukpuLTPRX4YWE+iKiMEci1zO/EeR1uKm32pcY/exI5OW5aaD5WqG+6sAxZRWJXM1lruttKrwXG5IgRJXRst4j5PnUVZmfBqpJE+UmhEhk1QmDC8uMUWgUkUXbsiSM3ZqMp/dIIUJb8isozTgWJBK5o9ya+b2oPxSJRF6Mm8pY1NSRyC3yIgK6aEX5QkJ9WZ5t/ntRi0ci53ndcrHwIUlXJdQjkVVnvqT6Inm5aWT8pczvqwQ0Cm8kcje4NZ86CnkkMuF1uqlaXvMHioU2YWSRB02x7hNAnverpwtSwv+xqiwSmWe+u/GytmXxCtsCFq6po4aORF6c25CXG0e/r/taJBIJvC75uLZMdD5Sd1XX1rQpMRnJsriTjUTqxovUek/Ly1Vfe1FecJj/+T84/f/1vx+JROByxXiRf/2q3LhMdL6vOs4ni0TOc9EElNsalBB96kjkNfG65GNh0e8o0JHI3UBf168podj5E/qivRNIIYvvnTchzgt3FPZIpOS8fEiEUDDVUS1E6WO75fdTR20diVzOywaWl95PHQU6Erkb3ErtdxTwSORqbjNLtNDo96v8TCQSWSwL76eeJwp2ZJWZLzRZZJHJZfz/k7Ks60uK17gAAAAASUVORK5CYII=',NULL,NULL,NULL,'1900-01-01 00:00:00','1900-01-01 00:00:00','fr_system@xpand.asia','fr_system@xpand.asia'),('KEY_ZK_API_ADD_BOAT_PARAM','parameter for add boat to ZK',NULL,'dept_code','access_level',NULL,'1900-01-01 00:00:00','1900-01-01 00:00:00','fr_system@xpand.asia','fr_system@xpand.asia'),('NEW_PWD_EXPIRE_DAY','new password expire within',NULL,'60','','','1900-01-01 00:00:00','1900-01-01 00:00:00','fr_system@xpand.asia','fr_system@xpand.asia'),('NOT_SEND_ALARM_IF_OLDER_THEN','not send alarm notification if alarm older than this value',NULL,'3600','','','1900-01-01 00:00:00','1900-01-01 00:00:00','fr_system@xpand.asia','fr_system@xpand.asia'),('NO_OF_DAY_ADDREMOVE_PERSON_VCM','no of day to add and remove from vcm',NULL,'5','1','','1900-01-01 00:00:00','1900-01-01 00:00:00','fr_system@xpand.asia','fr_system@xpand.asia'),('NO_OF_TRAN_CALL_DB_ADDREMOVE_VCM','no of day to add and remove from vcm',NULL,'20','20','','1900-01-01 00:00:00','1900-01-01 00:00:00','fr_system@xpand.asia','fr_system@xpand.asia'),('THREAD_NO_ALARM_NOTIFICATION','no of thread to read alarm from queue and send notification and wait in ms',NULL,'1','1000','','1900-01-01 00:00:00','1900-01-01 00:00:00','fr_system@xpand.asia','fr_system@xpand.asia'),('THREAD_NO_ALARM_TO_DB','no of thread to put alarm from queue to db and wait in ms',NULL,'1','1000','','1900-01-01 00:00:00','1900-01-01 00:00:00','fr_system@xpand.asia','fr_system@xpand.asia'),('THREAD_NO_CUSTOMER_REGISTER','no of thread to read customer from q and insert to db and wait in ms',NULL,'1','1000','','1900-01-01 00:00:00','1900-01-01 00:00:00','fr_system@xpand.asia','fr_system@xpand.asia'),('THREAD_NO_GATE_ACTIVITY','no of thread to read gate activity from q and insert to db and wait in ms',NULL,'1','1000','','1900-01-01 00:00:00','1900-01-01 00:00:00','fr_system@xpand.asia','fr_system@xpand.asia'),('THREAD_NO_VCMAPI_ADD_CUSTOMER','no of thread exec vcm add api and wait in ms',NULL,'1','1000','','1900-01-01 00:00:00','1900-01-01 00:00:00','fr_system@xpand.asia','fr_system@xpand.asia'),('THREAD_NO_VCMAPI_REMOVE_CUSTOMER','no of thread exec vcm remove api and wait in ms',NULL,'1','1000','','1900-01-01 00:00:00','1900-01-01 00:00:00','fr_system@xpand.asia','fr_system@xpand.asia'),('TIMER_CHECK_WEBSOCKET_CONNECTION','timer for check connection websocket',NULL,'5000','','','1900-01-01 00:00:00','1900-01-01 00:00:00','fr_system@xpand.asia','fr_system@xpand.asia'),('TIMER_LANDING_PAGE_RELOAD_CHART','timer for reload chart on landing page',NULL,'5000','','','1900-01-01 00:00:00','1900-01-01 00:00:00','fr_system@xpand.asia','fr_system@xpand.asia'),('WS_CODE_FIRST_LOGIN',NULL,NULL,'30873259114402','user is first login','','1900-01-01 00:00:00','1900-01-01 00:00:00','fr_system@xpand.asia','fr_system@xpand.asia'),('WS_CODE_PLS_LOGIN_FIRST','pls login first VCM(1) IVS SDK(2)',NULL,'30873259114001','soap:571052032','','1900-01-01 00:00:00','1900-01-01 00:00:00','fr_system@xpand.asia','fr_system@xpand.asia'),('WS_CODE_SUCCESS','success code of VCM(1) and IVS SDK(2) API',NULL,'0','0','','1900-01-01 00:00:00','1900-01-01 00:00:00','fr_system@xpand.asia','fr_system@xpand.asia'),('ZK_API_ADD_PERSON','ZK add person',NULL,'/api/person/add','zkAddPerson','POST','1900-01-01 00:00:00','1900-01-01 00:00:00','fr_system@xpand.asia','fr_system@xpand.asia'),('ZK_API_ADD_PERSON_PARAM','parameter for add person to ZK',NULL,'dept_code','access_level',NULL,'1900-01-01 00:00:00','1900-01-01 00:00:00','fr_system@xpand.asia','fr_system@xpand.asia'),('ZK_API_REMOVE_PERSON','ZK remove person',NULL,'/api/person/delete','zkRemovePerson','DELETE','1900-01-01 00:00:00','1900-01-01 00:00:00','fr_system@xpand.asia','fr_system@xpand.asia'),('ZK_API_STATUS','ZK api status',NULL,'0','-22',NULL,'1900-01-01 00:00:00','1900-01-01 00:00:00','fr_system@xpand.asia','fr_system@xpand.asia'),('ZK_SERVER','ZK server info',NULL,'http://1.1.1.1:8080','token_id',NULL,'1900-01-01 00:00:00','1900-01-01 00:00:00','fr_system@xpand.asia','fr_system@xpand.asia');