INSERT INTO tbl_role (role_id,date_created,date_updated,default_page,role_name,user_created,user_updated) VALUES (1,'1900-01-01 00:00:00','1900-01-01 00:00:00','/','administrator','fr_system@xpand.asia','fr_system@xpand.asia');
INSERT INTO tbl_role (role_id,date_created,date_updated,default_page,role_name,user_created,user_updated) VALUES (2,'1900-01-01 00:00:00','1900-01-01 00:00:00','/','user','fr_system@xpand.asia','fr_system@xpand.asia');
INSERT INTO tbl_permission_list (permission_id,permission_group,permission_name,permissiongui) VALUES (1,'ADMIN','ROLE_ADMIN','role for admin');
INSERT INTO tbl_permission_list (permission_id,permission_group,permission_name,permissiongui) VALUES (2,'ADMIN','ROLE_VIEW_USER','query user');
INSERT INTO tbl_permission_list (permission_id,permission_group,permission_name,permissiongui) VALUES (3,'ADMIN','ROLE_EDIT_USER','modify user');
INSERT INTO tbl_permission_list (permission_id,permission_group,permission_name,permissiongui) VALUES (4,'REPORT','ROLE_VIEW_DAILY_REPORT','view daily report');
INSERT INTO tbl_permission_list (permission_id,permission_group,permission_name,permissiongui) VALUES (5,'REPORT','ROLE_VIEW_WEEKLY_REPORT','view weekly report');
INSERT INTO tbl_role_detail (role_detail_id,permission_id,role_id) VALUES (1,1,1);
INSERT INTO tbl_role_detail (role_detail_id,permission_id,role_id) VALUES (2,1,2);
INSERT INTO tbl_role_detail (role_detail_id,permission_id,role_id) VALUES (3,2,2);

INSERT INTO tbl_app_cfg(app_key, app_value1, app_value2, app_value3,date_created,date_updated,user_created,user_updated) values('API_LOGIN','/sdk_service/rest/users/login/v1.1','login','POST','1900-01-01','1900-01-01','fr_system@xpand.asia','fr_system@xpand.asia');
INSERT INTO tbl_app_cfg(app_key, app_value1, app_value2, app_value3,date_created,date_updated,user_created,user_updated) values('API_CHANGE_PWD','/sdk_service/rest/management/administrator-change-password','changePwd','GET','1900-01-01','1900-01-01','fr_system@xpand.asia','fr_system@xpand.asia');

INSERT INTO tbl_app_cfg(app_key, app_value1, app_value2, app_value3,date_created,date_updated,user_created,user_updated) values('API_ALARM_SUBSCRIPTION','/sdk_service/rest/video-analysis/subscription','subscribeAlarm','POST','1900-01-01','1900-01-01','fr_system@xpand.asia','fr_system@xpand.asia');
INSERT INTO tbl_app_cfg(app_key, app_value1, app_value2, app_value3,date_created,date_updated,user_created,user_updated) values('API_ALARM_UNSUBSCRIPTION','/sdk_service/rest/video-analysis/subscription','unsubscribeAlarm','DELETE','1900-01-01','1900-01-01','fr_system@xpand.asia','fr_system@xpand.asia');
INSERT INTO tbl_app_cfg(app_key, app_value1, app_value2, app_value3,date_created,date_updated,user_created,user_updated) values('API_QUERY_CAMERA','/sdk_service/rest/cameras/v1.1','queryCamera','GET','1900-01-01','1900-01-01','fr_system@xpand.asia','fr_system@xpand.asia');
INSERT INTO tbl_app_cfg(app_key, app_value1, app_value2, app_value3,app_desc,date_created,date_updated,user_created,user_updated) values('API_ADD_FACE_LIST','/sdk_service/rest/facerepositories','addFaceList','POST','add face list','1900-01-01','1900-01-01','fr_system@xpand.asia','fr_system@xpand.asia');
INSERT INTO tbl_app_cfg(app_key, app_value1, app_value2, app_value3,app_desc,date_created,date_updated,user_created,user_updated) values('API_REMOVE_FACE_LIST','/sdk_service/rest/facerepositories/{PATH_PARAM}','removeFaceList','DELETE','remove face list','1900-01-01','1900-01-01','fr_system@xpand.asia','fr_system@xpand.asia');
INSERT INTO tbl_app_cfg(app_key, app_value1, app_value2, app_value3,app_desc,date_created,date_updated,user_created,user_updated) values('API_QUERY_FACE_LIST','/sdk_service/rest/facerepositories','queryFaceList','GET','query face list','1900-01-01','1900-01-01','fr_system@xpand.asia','fr_system@xpand.asia');
INSERT INTO tbl_app_cfg(app_key, app_value1, app_value2, app_value3,app_desc,date_created,date_updated,user_created,user_updated) values('API_ADD_CAMERA_CHECK_POINT','/sdk_service/rest/bayonet/add','addCameraCheckPoint','POST','add camera check point','1900-01-01','1900-01-01','fr_system@xpand.asia','fr_system@xpand.asia');
INSERT INTO tbl_app_cfg(app_key, app_value1, app_value2, app_value3,app_desc,date_created,date_updated,user_created,user_updated) values('API_REMOVE_CAMERA_CHECK_POINT','/sdk_service/rest/bayonet/delete','removeCameraCheckPoint','POST','remove camera check point','1900-01-01','1900-01-01','fr_system@xpand.asia','fr_system@xpand.asia');
INSERT INTO tbl_app_cfg(app_key, app_value1, app_value2, app_value3,app_desc,date_created,date_updated,user_created,user_updated) values('API_QUERY_CAMERA_CHECK_POINT','/sdk_service/rest/bayonet/query','queryCameraCheckPoint','POST','query camera check point','1900-01-01','1900-01-01','fr_system@xpand.asia','fr_system@xpand.asia');
INSERT INTO tbl_app_cfg(app_key, app_value1, app_value2, app_value3,app_desc,date_created,date_updated,user_created,user_updated) values('API_ADD_CAMERA_TO_CHECK_POINT','/sdk_service/rest/bayonet/add-camera','addCameraToCheckPoint','POST','add camera to check point','1900-01-01','1900-01-01','fr_system@xpand.asia','fr_system@xpand.asia');
INSERT INTO tbl_app_cfg(app_key, app_value1, app_value2, app_value3,app_desc,date_created,date_updated,user_created,user_updated) values('API_QUERY_CAMERA_FROM_CHECK_POINT','/sdk_service/rest/bayonet/query-cameras','queryCameraFromCheckPoint','POST','query camera from check point','1900-01-01','1900-01-01','fr_system@xpand.asia','fr_system@xpand.asia');
INSERT INTO tbl_app_cfg(app_key, app_value1, app_value2, app_value3,app_desc,date_created,date_updated,user_created,user_updated) values('API_REMOVE_CAMERA_FROM_CHECK_POINT','/sdk_service/rest/bayonet/del-camera','removeCameraFromCheckPint','POST','remove camera from check point','1900-01-01','1900-01-01','fr_system@xpand.asia','fr_system@xpand.asia');
INSERT INTO tbl_app_cfg(app_key, app_value1, app_value2, app_value3,app_desc,date_created,date_updated,user_created,user_updated) values('API_ADD_SUSPECT_TASK','/sdk_service/rest/video-analysis/add-suspect-task','addSuspectTask','POST','add suspect task','1900-01-01','1900-01-01','fr_system@xpand.asia','fr_system@xpand.asia');
INSERT INTO tbl_app_cfg(app_key, app_value1, app_value2, app_value3,app_desc,date_created,date_updated,user_created,user_updated) values('API_REMOVE_SUSPECT_TASK','/sdk_service/rest/video-analysis/delete-suspect-task','removeSuspectTask','POST','remove suspect task','1900-01-01','1900-01-01','fr_system@xpand.asia','fr_system@xpand.asia');
INSERT INTO tbl_app_cfg(app_key, app_value1, app_value2, app_value3,app_desc,date_created,date_updated,user_created,user_updated) values('API_QUERY_SUSPECT_TASK','/sdk_service/rest/video-analysis/search-suspect-task','querySuspectTask','POST','query suspect task','1900-01-01','1900-01-01','fr_system@xpand.asia','fr_system@xpand.asia');
INSERT INTO tbl_app_cfg(app_key, app_value1, app_value2, app_value3,app_desc,date_created,date_updated,user_created,user_updated) values('API_GET_UPLOAD_URL','/sdk_service/rest/image-library/get-upload-url','getUploadURL','GET','get upload image url','1900-01-01','1900-01-01','fr_system@xpand.asia','fr_system@xpand.asia');
INSERT INTO tbl_app_cfg(app_key, app_value1, app_value2, app_value3,app_desc,date_created,date_updated,user_created,user_updated) values('API_PUBLISH_UPLOAD_FILE','/sdk_service/rest/image-library/publish-uploaded-file/v1.1','publishUploadFile','POST','public upload file','1900-01-01','1900-01-01','fr_system@xpand.asia','fr_system@xpand.asia');
INSERT INTO tbl_app_cfg(app_key, app_value1, app_value2, app_value3,app_desc,date_created,date_updated,user_created,user_updated) values('API_PUBLISH_UPLOAD_FILE_PARAM_SSID','0','','','source system id','1900-01-01','1900-01-01','fr_system@xpand.asia','fr_system@xpand.asia');
INSERT INTO tbl_app_cfg(app_key, app_value1, app_value2, app_value3,app_desc,date_created,date_updated,user_created,user_updated) values('API_ADD_FACE_TO_LIST','/sdk_service/rest/facerepositories/{PATH_PARAM}/peoples','addFaceToList','POST','add face to list','1900-01-01','1900-01-01','fr_system@xpand.asia','fr_system@xpand.asia');
INSERT INTO tbl_app_cfg(app_key, app_value1, app_value2, app_value3,app_desc,date_created,date_updated,user_created,user_updated) values('API_MODIFY_FACE_TO_LIST','/sdk_service/rest/facerepositories/{PATH_PARAM}/peoples','addFaceToList','PATCH','modify face to list','1900-01-01','1900-01-01','fr_system@xpand.asia','fr_system@xpand.asia');
INSERT INTO tbl_app_cfg(app_key, app_value1, app_value2, app_value3,app_desc,date_created,date_updated,user_created,user_updated) values('API_REMOVE_FACE_FROM_LIST','/sdk_service/rest/facerepositories/{PATH_PARAM}/peoples','removeFaceFromList','DELETE','remove face from list','1900-01-01','1900-01-01','fr_system@xpand.asia','fr_system@xpand.asia');
INSERT INTO tbl_app_cfg(app_key, app_value1, app_value2, app_value3,app_desc,date_created,date_updated,user_created,user_updated) values('API_QUERY_FACE_FROM_LIST','/sdk_service/rest/facerepositories/peoples','queryFaceFromList','POST','query face from list','1900-01-01','1900-01-01','fr_system@xpand.asia','fr_system@xpand.asia');
INSERT INTO tbl_app_cfg(app_key, app_value1, app_value2, app_value3,app_desc,date_created,date_updated,user_created,user_updated) values('API_QUERY_PERSON','/sdk_service/rest/facerepositories/peoples','queryPerson','POST','query person','1900-01-01','1900-01-01','fr_system@xpand.asia','fr_system@xpand.asia');
INSERT INTO tbl_app_cfg(app_key, app_value1, app_value2, app_value3,app_desc,date_created,date_updated,user_created,user_updated) values('API_QUERY_PERSON_DB_PHOTO','/sdk_service/rest/image-library/get-image','queryPersonDBPhoto','GET','query person db photo','1900-01-01','1900-01-01','fr_system@xpand.asia','fr_system@xpand.asia');
INSERT INTO tbl_app_cfg(app_key, app_value1, app_value2, app_value3,app_desc,date_created,date_updated,user_created,user_updated) values('API_ADD_INTELLIGENT_ANALYSIS_TASKS_BATCHS','/sdk_service/rest/video-analysis/tasks','addIntelligentAnalysisTaskBatchs','POST','addIntelligentAnalysisTaskBatchs','1900-01-01','1900-01-01','fr_system@xpand.asia','fr_system@xpand.asia');
INSERT INTO tbl_app_cfg(app_key, app_value1, app_value2, app_value3,app_desc,date_created,date_updated,user_created,user_updated) values('KEY_API_NO_OF_RETRY','3','','','no of retry HW API','1900-01-01','1900-01-01','fr_system@xpand.asia','fr_system@xpand.asia');
INSERT INTO tbl_app_cfg(app_key, app_value1, app_value2, app_value3,app_desc,date_created,date_updated,user_created,user_updated) values('HTTP_CONNECTION_TIMEOUT','5','','','http connection timeout','1900-01-01','1900-01-01','fr_system@xpand.asia','fr_system@xpand.asia');

INSERT INTO tbl_app_cfg(app_key, app_value1, app_value2, app_value3,date_created,date_updated,user_created,user_updated) values('WS_CODE_SUCCESS','0','Success','','1900-01-01','1900-01-01','fr_system@xpand.asia','fr_system@xpand.asia');
INSERT INTO tbl_app_cfg(app_key, app_value1, app_value2, app_value3,date_created,date_updated,user_created,user_updated) values('WS_CODE_FIRST_LOGIN','30873259114402','user is first login','','1900-01-01','1900-01-01','fr_system@xpand.asia','fr_system@xpand.asia');
INSERT INTO tbl_app_cfg(app_key, app_value1, app_value2, app_value3,date_created,date_updated,user_created,user_updated) values('WS_CODE_PLS_LOGIN_FIRST','30873259114001','pls login first','','1900-01-01','1900-01-01','fr_system@xpand.asia','fr_system@xpand.asia');


INSERT INTO tbl_app_cfg(app_key, app_value1, app_value2, app_value3,date_created,date_updated,user_created,user_updated) values('KEY_IMAGE_THUMBNAIL_SIZE','120','120','','1900-01-01','1900-01-01','fr_system@xpand.asia','fr_system@xpand.asia');
INSERT INTO tbl_app_cfg(app_key, app_value1, app_value2, app_value3,date_created,date_updated,user_created,user_updated) values('GUI_GRID_ROW_PER_PAGE','10','','','1900-01-01','1900-01-01','fr_system@xpand.asia','fr_system@xpand.asia');
INSERT INTO tbl_app_cfg(app_key, app_value1, app_value2, app_value3,date_created,date_updated,user_created,user_updated) values('GUI_GRID_PAGE_JUMP','10,20,30','','','1900-01-01','1900-01-01','fr_system@xpand.asia','fr_system@xpand.asia');

INSERT INTO tbl_app_cfg(app_key, app_value1, app_value2, app_value3,app_desc,date_created,date_updated,user_created,user_updated) values('THREAD_NO_ALARM_TO_DB','1','100','','no of thread to put alarm from queue to db','1900-01-01','1900-01-01','fr_system@xpand.asia','fr_system@xpand.asia');
INSERT INTO tbl_app_cfg(app_key, app_value1, app_value2, app_value3,app_desc,date_created,date_updated,user_created,user_updated) values('THREAD_NO_ALARM_NOTIFICATION','1','100','','no of thread to read alarm from db and send notification','1900-01-01','1900-01-01','fr_system@xpand.asia','fr_system@xpand.asia');
INSERT INTO tbl_app_cfg(app_key, app_value1, app_value2, app_value3,app_desc,date_created,date_updated,user_created,user_updated) values('NOT_SEND_ALARM_IF_OLDER_THEN','3600','','','not send alarm notification if alarm older than this value','1900-01-01','1900-01-01','fr_system@xpand.asia','fr_system@xpand.asia');
INSERT INTO tbl_app_cfg(app_key, app_value1, app_value2, app_value3,app_desc,date_created,date_updated,user_created,user_updated) values('ALARM_HIST_NOOFDAY_FILTER','5','','','no of day select max alarm date group by person use for filter alarm','1900-01-01','1900-01-01','fr_system@xpand.asia','fr_system@xpand.asia');
INSERT INTO tbl_app_cfg(app_key, app_value1, app_value2, app_value3,app_desc,date_created,date_updated,user_created,user_updated) values('ALARM_ACTION_PLUGIN_DIRECTORY','c:\\temp\\xface_plugin','\\','xface_plugin.xml','plugin directory','1900-01-01','1900-01-01','fr_system@xpand.asia','fr_system@xpand.asia');
INSERT INTO tbl_app_cfg(app_key, app_value1, app_value2, app_value3,app_desc,date_created,date_updated,user_created,user_updated) values('ALARM_LIMIT_PRINT_LOG','100','','','alarm limit print log','1900-01-01','1900-01-01','fr_system@xpand.asia','fr_system@xpand.asia');
INSERT INTO tbl_app_cfg(app_key, app_lob_value ,app_desc,date_created,date_updated,user_created,user_updated) values('KEY_IMAGE_UNKNOWN_PERSON','data:image/png;base64,iVBORw0KGgoAAAANSUhEUgAAAPUAAAEOCAYAAABRk1ELAAAABHNCSVQICAgIfAhkiAAAAAlwSFlzAAAN1wAADdcBQiibeAAAABl0RVh0U29mdHdhcmUAd3d3Lmlua3NjYXBlLm9yZ5vuPBoAACAASURBVHic7b3pkyTpedj3e4/Mquq759rZCwCxCxAnCYomKZskRAm0whEWRTHskO3PDv9B/uJ/gJIYtugPihCDh2TKQRMyzSABkiCAALnEAtzdOfru6joz38Mf3syso6+Z6eqpzqz3FzExfWZnVeaTz/084jd/9488kUikMchln0AkElksUagjkYahhRDLPodIJLJAtIgedSTSKKKmjkQaRvSpI5GGEYU6EmkYOsr13cD7ENyYd4euC3mUv3cZ08e76Ge990gpEULgnKs+r74X3bPaoZd9ApHAOWEuBfAaoSoF8KrjXvbAKP+OEAIhRHWs8ue893DNQyNy94hCvWRKoZr/2uQTe83vX3P8F/j7CIGfPpcpoRZCXXOEyF0jCvWSuUh7ll8rNehVOOde+vgweXBMm9rzfy9o+SsPH7mDxJTWHWFaO08Ll3NXa+qb/J1pLvO9hYgxl7oRNfWSmfZ5y89n/GB5s0s04x9ztYs++bsTre2vsQQid48o1HeIWQ3tcM5hF2xJzWtq51wVJCuF2jmHlBKlVLxBaki8ZkvGe39OU1cCbS2f7B1c+fsv6j5dZnZbayuhllLOpLW01rz7+NGLv5jInUB7Ec2rG+ElzhuUUkgpsdZibV4FoBxBAyZKkec5wjuSJKk0pLMKISVap4xzS3+Yo1sp/bHlhz/6iMHgZtfnOqG/7vv9kcdZw87ODm88uI8UHm/H4fUKcDY8LLz3eNy5QJtzGUopHCGS7pzDWZCJxjmPZLExg0jU1DdHOLTSOOcwxgQBTlp4b4MZCwiCRgzaUGMsGOORMgiANZCZjO5Zn8OT03As6xgNx7Tbmzc7vWuE9rrilcPDY6zNGQ3HCCG4t72FFAqTWxKlEMKDcNVxnHdQCLcnRNe99zhrp+qcBFgHzkHMmC2cGP2+IaWpWpqtSqnCNw3mqzEm3NhOIBON93B8csLJSTc8BFCAxEvBaDimN+hjPaRpSquzBv52r891xStJ2kbahEGW8eTpM7rdLs45tIDt7W12dtLwc0lSvQ+i8Medc/jMFQ+zSbzAS4+UoJXCXBPdj/fnyxM19Q0RQlR+qdbh7bTGI4REoGinCQjB2WCAzyy5gYOjHkfHXbIsQ+t0kjPWCqlaQaFJhVAJ3tzMPL1OE19bZqoT0rSFyw25yTk6PSMfZ0gJ/XHOyWkQ6O3tbdbX18ujAoY8z9nsdJBKIVVZoWarB+CL5OEjL08U6htSBrqUCnakNZOP+/0BUqfkec7ewSH94RjnJaNRBiIhXWuhENUxhFBorbF4jDE4l6NvmCe+qdCY3CKEQ0hQKgEUei08iMaZo9cdopSie2Zptc5mounGGN77zNuAw3uLlsECEVJiTRZcEh3t70UThfrGuKCVhcDkQQMlScp4PObg4IDuKAhs76zPODckSQtR+NaJTjDGoJSsBNs5B96jEJU/ehNepuHjIpLCjJYIPB7vg0UihCDPx7Tam1hrGY4sg2FexRWUUnjv+fHHzzHGgPCst1s8erjL5tY6uvi71uU3en2R80ShviFBKCZpqdKX7PeHnJ6ecTwURc43pa07lc9tjMEYg7UT87oUauFByNAh5biZpr1pmam3hZAKhZdU5x2OK/GicBukRAhIfFo9oLy37B+d4b1FCs9gOMIJyK2j1UpYX2tDFOqFE4X6hkxaFh1aJyilGY/H9Ho9jDEkre0gqIXmqlJZxqK1Rms9eSAIiVC+OB6Fhrtd8/Q6oVdaVZF9KSVahuBW6XIYbwCwOLwr2jaLNKlAkMh2eJB5xzjrs394RL/fZ3uzw4MHD1hrxTLURaPx8U29kmvy+N5bwKOUwPgQ+MpHkoPjAeO8hWwVqSs/0bnee1SiQwfVlHns8OAAJIirSzpfF9a7kJMTIpzfVFdZMMvn7h8HM3kq7/DW44FEd/DeMxzDcDzm+eETHqy1+NRn32Vjo81w1MPavHhQgpQKLcSU5r+8hTQyIaa0ruO6fmbRKVI0kmwwpNc7otvLGOehiGTVSyumI9wXtZme9PrIT56yvbPO+lpKq9UqXBKL1gqb5dUx5uvYy+NHZonm9w3pDR3GZgAcnZ5w1u2T5S74jW2FsKvdu3jVkAbvPTmwd3TCae+MB/e2ePhgh3Y7ZAVKgZ6uS58+1nwzTCQQhfqGPH1+xGAwACkYjUaM8yz4yUpjvEPcMNDVRGaEUaV4Z+kPRmTZAcYY3n7rEWutFt65anjDZa2pkfNEob4hZ/0BZ2dnaK2RKiHRHWQikT7kmhOZLPsU7wTTpve0gFrvSBKNUh2y8ZDn+8cAvPX4DbY21hkM+lWEftoMn+T2o3DPE33q67jm/dneXCPPxyF/q3QRGQ5prutKMFeJy+4zrWRRdqpotTfIxn2ePT9GCo3UCZ1Wq+pYixr7xYia+oY8euM+42xEvzfCY8GFEkkpZQhi33Ltdh24bAZbqAl3mNxhCUU7SbpGno3YPz4jc/D+uw8qv7oqziH61FcRhfqGbG20SVKB8znSgS5TVcKFTqQo0+dGJU3PYDMmQyqNsxS18JpWO1g/T/cP2OlAu91mbW2tahoptXbkYlZeqL3KwZbdVjpoBAveFQEdQTUFxLtiMogotYzksOsxtoUXKV5Oyj2llOiiumzVuUz+vAcpUvBQeireG7wPlXlKKf72oy5J0ufebsbO9gab6y3SROHyIcILPBqEm/O1bXEsH46/Yqy8UAsnEHIyxqcUSCnAWodO2vT7fYbDLgBSaLyYaJyjrmU4HM4es6xrLrq3Iq9OqZkPD485PTnmjYe7vP3WI9rtNcbjIVJIPJNBDUAx1rgY2LCCCn3lhboMagW/zeO9q2ZhSw3Wag4Pezx//hzjXTEAYaKNrdeV8JYlo9XUE+eqjq3IqxHeV4mzOaM8YzgYk2cW1UlxaJQQ4BUeOxdhF3Djyvl60vjw7HQa5LJ/rhjCUQ6uN97hZRhqkHtB5iSZkxgrMRZyB7mVGKdmZnzBJKc6/bXIq1NeI6UUSicMxhn7Byf0Bxmt9jrGmKJPOwyimP6dFbi9L2TlNfV8CSJSkxbNF6NxzsdPnnF21gehSNIUpRKEc1jp8UKgCz+69Odm9lBFoV4AAu8dgtCuOhyNebq3zzDL2dnZYrMlpqbNzI43Bljw2PRaEPPUzpMkCUomZNYgEUiVMhgMODg4YX+/W83aqtIqInQgBZ9t4s/FNMvtIKUu2jeDDsqN5eDwhIPDI776+U/RbsvKzSkHGwpZLv5b5pkvh6iphQDnyW3OYJgxHI7xSAbjjOOjPuBQxc3hsXjniqYlgUBUrZRwXrBjxdPNKd9Pa8ELh5QaVbhJeZ5zfHyMUoqNjfWZuEYIgDtW0QRfeaFOkoThcMhgmHF00uXwqEueO6ROAYlSZSANBBJfztoqYq7eMxMYi2b3YrHWVua1lGVPeujlThLJ3t4eaZqSpilKybndYKu5tLPxQu2cQydlwUJwsMKMbs1wMObv90JKqtfrkWUZQiSo1iRi7Yu3qLo55m4SKSffKwNt4XOxkqbfognvr59xa6bHPI30Lj/48SH9TPGZdx+jhMWTgwbrPeoaTe0bqMkbL9RlnrN80jvn8ELhhcICT58+nUlRzbf5RcG82wghSNOUo6MjpDe8+cZ9Op0Wmc3OLRe4iCZq8uY9puaYjoSGCrGgpfPccHR4UglzkiRVGWL5s9GMvvsIQGvNcJxxcHjMYJQhkwSlkirFtWo0Pvrtva/mbOXWoXWKlIpev8/+wQlSJueWw8H0w6DZ70/dCQVDIYOBFJx2e7TbKWvrrVCYcg1NvP8br4pEYYKFKLVCSkV/kHHSHZCZyVje6QHzwIyAR+423nukSkAmHByd8uTpPsNBhlarV/cNKyDU5SqYsnxznBme7R1weHCEStohR11EV0tin26NcKawsgTWwTh3dLs9BoMBSulrqwmbSOOFGkD4MuKtGI0yTk66DEY5AjWjqUttDdGnrhsOAVIhVYIXEpCIBgbBXoTGR7+rQJhOQBa12oTAmFAqbMOYa7qYnbDRzKd5U1BKYY0DFGFV7jgsTmivNVYTX4eWDX/hQoQ1s1IIjM3pdFo4b2d854t/r5rS/ZrONPJKWI3EIbxH+oy1ToJxOT9+8gzzzltsp7O1+N77aq1w+Frz7v/Ga2oA6xxKawSQ5xYlNUJY8jwndkbWm7CHbLKXK8tyjAmL7rNxjuqEVtmym6vs+CrrF5rISjiNQgi8FGS55fn+IZnJi9z0SjzTGo21xWpcJj3tUuqiXjwI7XxQrOlNN83PU1drcwRZZjg+PsY6gU7SYpmdWer5RW5GtfeaIKxJkiCEIM8tp6dn3F+XpGlamdvT1YNNjYCvhKqSMiyAl0KHOWQqDAfMsqyRPtUqUdYglB+X5HnO2dkZxqyTpum532lym2zjzW/nHDLR1QXUKql8MC+bd0FXjWBpOYQIAwe9D+a3UglCqGqA4XT573z1YNNovFCXXT4n3VMOjk8wzpObYHJrvRKGSqMp6wlKc3r66wDj8XjGtwZmzPAm0nih1lozGo14/nyf58/2grbWGi8FeR4Xnted6Smw0751mbo6Pj5mOByeq+mXUjb2oa5r/6y6Zn+0EVv0hkec9Mc4nZKkLVxuwHlCkqvxz7VG44td3s4DQoX/IdSCA4dnjodvbuAVODNGSYHzDk8S5o0v79RvjSa+pplAyNnZGcfHx8UABIExBmvj8vJVwTnHYDBAEHxr731oy2zwqKnap7SmLY3LXstgMKia6a31COnC8IMGX9hV4Tq/2DnHcfeUrc0O7VRj536+ide/9pr6uo4brXVx4Sc7mIIvJWPDRgO4rgvLC8lZt8dpt4cTImxY8R5VjB5uIo2+q8uASFl8ML1YzTmHINaINh0hJZmxHJ12ycYOpTTeCZQWCB/LRGuH956zsz7O+iJfmRQdWVc3c0Sag9AKhKJ31qfXGxSbWEpN3szr32ihBuj1egyHQ/I8L4bvz27SiDQbX7hZxjiOjk8ZDTOU0jPz2ptG7e/s64oIdnZ2aLfbVXGCtbaaLtrUiqLIBOfCXjQvoNfrMx6PUUphTHNr/msf/RZF+XopsOXAA2MMWms66wqhBYwsyjuELJfXhf0NPvZLNxrpwrBJkSb0znp8+NFTVJqws90hz4c0cQhGo0pqpgv0y75Zk5lzY4qma39FNMMbjVJJsM5MRpIKNjY6SEmhqZt57Wsv1Jd16ZSCO2mKD6kM7wRCUWnrqKebTrDg0lTy6OED7u+uk6blMj1oYpNeYx5V85oYQvvdcDjGO2YCY00u5o/M4l146Lc7LR483GFjs4MQxWijhg77b4xQl5RauyzW3987CILtBYLJKGDnTBTsFaCsVRiPx/R6PfI8r1yv+YGTTaH2Ql2a2NObJ2Ey77sU6PnZ3tDMEsHILB5LmqZk45yjwy7WQJq2w31yTTNQXal99Ht6JzRMnszWWnq9HkIItNZVeeBkgmQRAff1fv2Rqwn3h0SpFsOBoXs6ItWt4n5x1abSJlF7TT0xp91EgKUkz3NOTk4wxs3ko8uG+vJ3Is1GqdA3L1AMBzmffPKM4+PTRleU6bqbIAIDXuKFwHiBTjpkXnBw1uN44Ku+WoevUpLWASJZ3klHXhvOWnQC3ucka4reyPJk/5T1zQ1aqQwh8DmmYy11tGRrr6lhoqWTJOQkDw6OODg4IMuaWzUUeTGmMx1SaLTWVRr0skBZHQV5mtrnqVWxOsd5z3g85uS0z/O9I3r9AVqv5tbDyIQgoD4MmxTh8/E4TBptpRuXarU6C3btNbXJHQ6BVinWeLqnoYFDSg0NDIJEXg4p9LkVS+PxmG63S5aZRs7+rn30GyFw3iO0RijDKM9wHlqtFOtglVLRQgh2Nztsb3TYWm+zud6m00pIlERrhVYS6xzGhn+jcc7ZYMzZYMRJd8hht49zzXvDvJsMTVBK4WyOyd1MQdJlu9XqKB/1N7+TFDsOvrNSSdDQyDCQDqjhNXlhHmyv85m37vP2w20eP9jijXubJPrVrRNjHQcnPZ4edPnwySEfPjnk5Gy4wDNeAp4qjen9ZJLoZTPKrlucWAdqL9RlG+V0lVCZp3aORlUNtVLNT376EV/49Bt85q37bK61Fnp8rSSP72/x+P4WP/OT7wCwf9zjrz54wl998ISj0/5C/97rIPTQEzIk3uP9ZOLNVYJbRw1dUnuhxku0lpjc0e12GY1GQBBmrVXtNxsmWvHlz77JV99/k/feeYB6zV1lD3c3+MbPfZ5v/Nzn+eCjff74L3/I33188FrPYRGEiPekwUcp0dhBGbru+Xfvc4xRoFOOzwacDUa0WxsYY6nzNXvn0Q4/+8V3+er7b9G6I9s533/3Ie+/+5BP9k74nW9+l4+enyz7lK7F+1Bw5LFIBXiJtTnet/BOhq9VP3ven66jGX437pYbkqYpw9xWuWqg2GhZr5E1Qgi++Jk3+KWvvce7b+ws+3Qu5e1HO/wvv/GL/MUPPuZ3vvldxne8HkAIca7Ftk73xctSe6HWOsyb2tvb4+zsDKAaA1wXoZZC8NOff5uv/8x73N9eX/bpvBAC+JmffIfPvHmP/+M/fptP9k+XfUoXIggCPd1fX31PCISYbdttwpD/2qe0pJRkY8NoNMIYgygaN6y1tfCZvvgTj/nVn/s8D3c3ln0qr8Tu1hr/86//l/z2H/4F3/vhs2WfzpWUQbOLuvWmBfvc79SMu3/XX0OWZWitefDgAevr61U+sg4Bsl/75a/wP/3Tf1BbgS7RSvI//OrP8LNfeHfZpxKhAUJdjvtdW1sDqKZF1mGj4caCU1LLRAjBP//6V/jSZx8v+1Reiaty1nWj9kKtta60cpqmVbH+/L7iyO0jhOC//ydf451HdzfIN89FO63rXjpae586FOt7Wq02b7zxBuPM0jsLuer6v7b6oZXkv/snP83/9tt/TG7upgv0MkUndbyHtK+5shaAFB5hczZakGqLkgYhEhwCQbix7uLFOZ9oaQb3t9f5xs99jt//k+8v+1QQEvAKVyR6tBJgHZ4cqQjdW1fM/q7jFaq3RMNMX2ye59USPOcM4pKIZuT2+YWvfIbdzbVlnwYw0cxlVgSoSombSO2FukIEP3qjs4ZOFAJXzCKLLAMlJb/ys59b9mmcwzkXNrd0OrVIeb4KtX9VUkpc4Ve32y12drbotNJQRMD54pO6B0HqxFfff5u19nIHVUzvqg7BU0+apmxubpKmzRyiUftAmShGAUO4gGtrbTbXO+S5JRtnCD2ZRVb311o3lBT81Ptv8yd//eHSziGY3h7KdUsWdKLodFpFb/XVJngd75m7n8y9hulSUGMytNLcu3cPrdrs7e2TX/J7d6MkcHF/e5wZnh+fcXjS5+C0R3+YMc4M49wgpaCVaFqJZnujw6N7Gzy+v/VafN4vf/ZN/r/v/ujW/86lCIdAhkEa0zvUhMA5e+31r2OgrPZCDZMCFO8cUsLWxjpKJpyenpKPL38S1/EpXOK958fPjvjg4wM+/OSQpwenuJfsKHrj3iZfee8tfv5Ln6aV3s6t8PajbRKtlpbe8t6jpMS6SbCsXJgYXLTmUXuhVkqR5/lMsUm4kCHVVVJnAZ7m470TvvPBE7774VN6g/GNjvX86IznRz/gT77zIf/1L3yBr33+nQWd5QQlJe882uHDJ4cLP/aLUg4fFEIg5PzOtTrq4qvRsu4N1U6iZYK3Hi0UOI+UFuwIxRi8BGThP4EvouTOZwAIlliq+YIPGmsd3/m7p/zp9/6epwfdqV9fzFSXwdjy7/7ou5wNMn75a59dyDGneXRvix89XU7vtfUe40EhUU4gRIL0LuSrhbn2YV9HVVB7TQ1UM6dgsoYnTVO2trboZsMqdy2ELCaMekLg/24vMjDG8qff/4hv/uWHDEbZrf+9P/yzv+Xx/U0+9+7DhR733tZy89XOObRQOGdD/YJI8N5dW3hSVxoh1NOrd2DST727u8teN2c4tKFIRariGpb7tyT+Dsq1dY4///7H/D9/8UN6w5uZ2C/L7/7n7/P+v3ywUHdlZ6OzsGO9LFprjHF47wBLmmo2NteKhYk1t1IvofZCXQY8put5pzu3tra2yPNj8tyi5NTvUGjuO8aHT474nW9+j8MlDfk7Phvyo6fH/MRb9xZ2zHSJ45iEEEjv8IQS0QcP7/Hg3hZaK3AZUVPfQebnSJUaxlobtPW9Hc7OzsJeYizeS7wP42Ktt8g7MvC/Nxzz+3/yA/76754u+1T4m7/fW6xQ32Bs8U0xxiCFwDuDlgn3d7bZ2lgjy4fgRQNFuiFCXeYdy3+l5nbOVVVDZRqjXL0ipcL7u6Gpv/vDZ/zON7/HcHxZVv31ctobLfR4YonlutIXGRKb43EI6bEuxxuL0hIauLyg9kINE3O7/Hi6FNTaHOcnnVplEYKUGu/tRUsPXxvDUcb/+Z/+6k5o52kWHZQbZ8t7WIXlDh4hPFpLvLcYkyNkcL98E1Nayz6Bm1IVEUxVC5U56+k8ZJj1rHBT+6q9t0tdOv7vv/m9O7nmprPgeu3REqeNhmUPIXC6tt4mTVOkBOE9eZ6j5d1wvxaJrv0SOeFQUuKwIEDqiSA7LClAnhOeyRIvfTC97Tg8rZf4XPMXDMG7Cyw6BXV8Nlza65RSgs9JJXz67ce0E8U4G5Imbay6G+7Xomnmq5rCWlvtrc7zcRVUUzJZqpa+y9zfXqxQ7x/3Fnq8l6W05rIsw2OrmfB1HNT/IjReqNOW5t79nSpgpsXly9EiYRzRFz/zxkKPOV0F97ophTdNU5ybuF6lm9ZEmvmqpuikLXa3t0hbCbLoqcU29yl9U77y3pt0Wsn1P/iCnPSG7C1RU0spSZKEnZ0dOp3OXPpzaad1qzReqK0NQRrnHMYU9d7l1Mgo1zNIKfiHX/n0Qo/5gx/vL/R4L4uUoLVka3uDdrs1CaxKX2ntptF4ofZYnDekU0ERrXWxjb7xL/+l+OWvfZZHC14s8O0ffLzQ470s5dw6oOgBsICr6huaSO1TWtf5xlJCq5Vy7949hvkh1lh0mpzLZ6867zza5usL7tD60dMj9k/6S32PvffV0kRjzIwf3dRrX/txRtf1w4aLmrJ7b5uDkx7d0SC0XlpIUtnEgqKXppVo/sU/+urCb/I/+vYPF3q8V6HT6bC9vUW73UZKS6ISjAkumVIC4et+/59HI2pugngJYj7wNXlNPgedevJxhnc5KItQoKUqJoWstlRrpfgf/+nX2N1cbCfVd/7uCT9+9noHI1wU/Exdn8e7j1hvKfLcYUyoIhTCo4vUVtOovVM5PclCSllUk03yz1rrMJwQO5eblDTg5d8IJSX/8htf41Nv7C70uMNxzn/40x8s9JivSpIkRZDUVD0CpQneRIGGht7VvgqCBWGumj2URKCKLq0wUWRVEULwG7/yU7z3zoOFH/vf/dF36A9vf6jDPBfFSO7fv1+lsqanzjaZ2gfKpql6q91Eaztv8FIAEilU8ZQWSFl2dC2vLnmZ/NovfWXhRSYA/+93PuRvP1puGmtaaLe3t0nT9Nw2jiYLdu0DZfN+lEAhVTm4XaJ0gvOSzLiplTwWpXTIU9f89b8sQgj+2S9+iZ/+3FsLP/aHTw75T9/64LUKzHVFRMYYjDEz2Y6L+u+bRAM0tZv40F4iVRBmYwx5PmZkPNZ4jo67xQxsWQx1D/lrqVan/lsIwa/90pf5qfcXL9B7x2f89h/+5WvvOpsWyosEfH4yznRX37yAN4UGCDWEaHcIDwghsNZydtbn+PiYk7MMoRSjLEQ9k0SHC4pDuCZ2016MEIJ//stf4avvvbnwY3f7I37rD77FOF+uKzM9IrpEa41SCu99pbGnf7aJNESoiyewc5WWPj095dmzZ3ixTtLu4J1AqQQhBMZmSHyx5nTZZ377CCH49a9/ha98dvECPRhl/Js/+HPObjiD/LYoXS4o2jDFZDhlU5s6tKDe5qeXAm+DD+2lA2FxwnPcz7Bqh1anDYCS5YgjkCKd1H8394ENBIH+F1//Ml/6icUHxYbjnH/9+9/m8HS0tDbWeVM6fD75vm61QqDUGZzPi53gEolAIqj7/X8RjXlMzftKSgl00piX90pIKfiNf3Q7Aj3ODL/1B99eagcWnDe5583q0TBMDJVCI4Qq/oVxVqqh8ZRG3PXldQwCPTveCM5f8Cb7UyVCCH79l798K2mrUWb4N3/wbZ4eni382ItgWtA/+eQpZ90+3oMUGq3TYj6dwNpm+l4NEeqi6KDwl8qc5HRgZPpnV4F/9otfvEWT+1s8WeLgg4u4LIo9Hud4PzHPnQXvwsd3ZTz0omlMoKyMeJWm99raGv3BcjYtLpv/5h/+JD/1/u0Exf717y/f5H4ZJqXD5yPjTaX+mnqumaNstdve2WRtrX1ue0fT+fkvvcvPfmHx2yv7w4x/9XvfurMCfZkF1m6nMy6ZkH4SAb/ju9RelfoLNWEQwuSiOpRSdDqdCwMhTTa/P/vWPX715z638OOeDcb85u/9Ofsny1kF9LJMx1DeeusxG5trCFEMzHAG7y1Shl77JlL7lzVdpC+lnOnEyrLsQi3dRMHeWm/xG7+y+J7obn/Eb/7un3N4OljocRfFfBB0/nrrROK9w7qcUH1YBlFtY7u0ar+fOhECUHjnkFLhvEVJiXKWVMKIi7t3mibY/+1/9UXa6WJDJL3BmH/1e9/mpDe6s++XwGGdRakElETgcCZDOsf9B/fYaKfgHR4BQk//YpE1qff9fxGNCZS96E03PR64KaOCf/pzb/HZt+8v9JjDcc5v/Ye/4KQ3XOhxF42UshLL0C8dVjC1koTt7e2lntuyqL35PU8ThPRlSLXiH/+D9xZ6zNxY/vf/+Je18KHnZ81NDxQsZ5OVX18VGiXUq3ThSn7+y++y1l7cnG7rHL/9h9+5c3noF6EUbufcuf7py362idS/n5pCmJvnGl1LohW/+/553gAAGtpJREFU8KVPLfSY//6Pv8+HT48WeszbZNqVCj13k5XG4d/lJaSXfa3u1F5TX3ahLguMTX+97hf0Jz/9kNYCg2Pf/9Ee3/3w+cKO9zq4qD+6vK55Hlbo1v06vyy1F+qrmH5iX/T1uvNTC+yNHo5z/uBP/2Zhx3udlPvJp4VaKdWoB/jL0Jjo94tw0aSLul7sNFF8+vHOwo73f/3ZBwxGee3eDylksW1l0iOdKMXa2hobGxuEpObFNHbyia+5spa0AHC44imdYHOHFo5339zhB39/jDEmrNoBnLPIatF48MHqyDsPtxcmgMNxzl//sF5md4l3AiHB+QyFRHqF8p7HD3dYT8fYfPo9mn2/vCfkrxtG7TW1tfacmVWaX6EOvFdNvyh/rpz/XGfefWNxWvrvPjmsrcYSQrA6Q6lejNoLddmFM907XZaMlrXf03nL2QkZgpreyzzYWV/Ysf72o4OFHWuZXCTg1z286/owu4rap7TkVNDLz/lWV42CnQTL6vn6dzbaCzvWJ/vd+louczIZXseLC2ptX/cV1F5Tl6b0tEk9HQmd/rwsSpgdNlfPi7qzsbjdV4NRvrBjLYN5i6uJgvoy1DtKVnCZRi7Hws53cs0Lfd2QUpAmi5naMRznxaLASFOovaaebrmcrvstv9dqtWY2NJR+dp2bOZIFDsyru5a+jpX0qZd9AjdlZqbzFFJKtNbs7u5irWU8Hp/zs0OEvH6CnSxISwMMs/rlpmdooFDelNoHyhBixnwUhXBb5xBS8mC7w8HeGGfHKLUGEHpvfTnkvX43hVqg05QbCzUe66OShFGeoVQKziJkjhcGT46Sm+T2akuk9vf/BTTCp74KqWBtrV2kO0JO2xYXuomm18tiTH0FGkJ9t2KSAbHW0k5SpJRV7feq0XihVkqwu7VNkurK716FfUoviq35SJ/SzZLF8zlJEu7fv8/GxsZCLZo60fiXrZVga3uDzfU1cLban1S1bK44dbdVysCoMRnOGxCeTqdDqmofLnplmi/UQtBOE+5t76C1xrp8MqBw2ScXuTHTFYRSSlJdLEE0+cq6V7V/nF2bsnAGJTSbW+usn65xctqbmQVeR229yHMWCz7e6yZNZBX0TLXm3r1dtjbWkcLhnaGuxUU3ofGa2juD945WK+Hezi5pqjE2a+xytFXEWouzFmst6+vrpGnYahqEevVovlB7jxSeRGm2tjZI0xRjTBTqhuBcWN7QarWKmd6ePM/xzlXttquGFrLufsfV569kUqQ9PJtrKe8+vofNMobDPmudLTKTo5QqasInzSA6kaGtk8UN9Vsci3wWiwUf7/UilcLkI5RwvPeZt3m0s47JRwglyY1H1v7+fnnqezVfkDLaXbZnhpU8LbRUjMZh68T0FMryY2s8+Ma/PbWnbNApKwqnYyWrao01/q4tq0CttWAdmxtrvPnGQ7a217F5hrM51mRIUQ6vU9X+Yq3T5Z585IUoA5/lQ7nMblw3JripNN7pqCqNnANpSNI2u7vbeCdQCHqDMaPRCGQwQ4UwKJ3e6QEK3f6I//Xf/ueFHKvu+6TK6zQ9ZNJ7j/P1n27zqqyAUKuw3dALrLVk2QitU3a211nrtOj1h+ztHZBbh3MwzkPEdLrz6y6S5YvTQnf1Nb4IQkisY0agSxNca72S2rr+DR3X4H0wwQWiCIRZvM0RUtPuaDqdHdotBVIxyhzPnu/R643wQp3r/IrcPZRSjEcGnK9m0WmtMc6em1+3KjReUwM4Cwhb+Vvg8c7gnECqnI3NDkmSkhsYDoecnZ1hrS1mmq1msKUuZFmGlJK1tRatVqv6eqgqMyuZ1mq8KpqOhgrhcc7gnEEIj05k+NjnjMcjvLesr3dYW++gdDMG/jedwWBAu93mzTffZHd3F+894/EYYEbIVwnd9LRNKZfeKUBVRYPegXUeKVKc9Qhv0AIebq9hxg/46JM9jIWoqJeLwOEsCCWLTRyhStDZjM21Do/eWuPBg3tsb3fwboy1IdCJL9KSzddb51g92+QCpqeKlqmREGCJb89dQClVpSadszibs7mxwdtvPmatBWmaFt+bjeTXeQ7dTYh3LYBwMJUWQRTLy5XArd49cacQQiAI87ylBFMEv7Y31rl3fwflc2xR9w1URUZ1nkF3Uxof/X5RhPDnxhuFG+PumW+dVsI3/ovFLJp/st/lW3/zZCHHug2EAOctzoWBF1oqOmtttrY3EN6R5/lM0UnJSgv1sk/grhDMbgPFzSGEIMtzkvTuOdWJlnzhUw8Wdry7LNSuCnT6UAzkLVvr22xvbuCLsVTTJaLT/dWryuq+8gJPMNumFwGUGxNXtXb4LjE92tnYLGy1TBVaEqKdzC6eLz/33q9k4QlEoS5uiEkjh1Swvt5hY3OdFX7Y3ymmA14b62t0Oh2sNdV4qvllDavOyr8Dpald1QwXXV1CiJWdRnmXmN5UqrXm3r177G5vIQvtrbVGKTXTiVdq9yS5i22zt4+WKxpMKHHGIITCEeaBW2MR5Ly5u05+1ub52fRu69la8HDzvH4TfZXGGbnSLfIO8hzGY4S3SC3InUHa2fd/+n72zrGK9/fKa+ryKT+9KVNpSavVYmNjI4zKca56+l+1STOyeKohkd6ztbXF7u52CGJmGSLmGy9k5YU6MPGpqyCLM5V/VgZcLgrIRG4Xay3W5YBjY73D2nob711RXRaTNxex8nlq58pGD1EExmQVORWSaqZZZDlIKdEypdNO2N7eRGtJnptiD9rdrCNYNiv/jpRBMWAmipokCZubm6ytrVXm+fTvQFzb8zrwJrhF6+0WGxtroZbfW5SQtR/wcFusvFALEQSzjJp6HxbGCSFot9uVUM/+zqwZHrk9yliHUgohPc7moUgIh5axjuAiVt4pmQwblDNfA4eUeqYAZdpVKT9ehvuy6L95l10wrTWbGxts72yiAOcMSovCp767I6eWSdTU1Q3tZgJgUspiSMLlnT6x0OH2GQ6HdDotNjc38Vicn/jT0fy+GF3n3cSLQU5p3VmT2pgM7UYk3mNFgvcCpcC6MVJqhE/wcSPXjVBCYlw+04AhdBBaYxw/8bjFO4/WScjITZjDbg1TltWq37/niarmGqbHz8JUeyb1n8R5F3D4mXSiEAKsK/xocS5QOfNzkQtZ+ZTWdcEurSVKC/Lc4X3wvaXUCBRCSZaxO1MscunbkgUkjJaaFVRrLUpBp9Nmc3PzXPZhevlCdIHOs/KBsvkbev7ze/d2GAwN9nSIw+O8qfquvfPR1rkhWmuklFhbCq3D2RytNJtF8wbM9kcvM0hZB+IteQnlDdPpdGi3W8zvHIvprMWQ5zl5nlfluBIVagS2Nnj08N450xtm+6Yj54lCXXDZDRJ6eE1RVRZ86LIjKJp+N0cmctJlRVFQ4jxaCtKWnhHg8800UagvIt6VVxBupLKfd9JwX5aRrmoT/iLx3mPnRkgBaCHRc9mIaeGOltLlrLxPfR1CiHOmd1UrjsItIaXSH+X82//7uws51nC0/J5x7z2iSC1660E4PBZrcySzZvd0WW/kYnQcbB3wwHRQ2cOkWskXEW+hEITF5kgPzldlpq8T5y2f7J8u7HjLlBHtE1AW7w3eS0Si8C4BL1FSgFdV/YCQsrouUiXnrlkkEM3vSKRhRKG+hljoEKkbUaivIArz3eGiaxGvz8VEob6Ay7RzvIlul4u64F7kZyOzRKGe40VvlmiW3x6XVYzF9/vFiLXfL5nvDO9XzJEukqvyztcNe1z1+/cioqaeIt4gkSaw8sUns4Ul5zXCdTo5PghuiL/aWhLSg/fntHX1ecP3q78K8R25gBikeb28TIAscj0rL9QvExiLLJ5XfV/j9biclTe/4fpAzWw09nwdeOQGFG+nEGLm48n7Ht/vl2XlNfU8L2p6x5TW4onv52JY+ZRWqQkuKza5SH/H1r/FMv1+ho9f7ncjs0RN/YLEm+d2uElMI16Ti4lCfQnRzH69XFRUEgtNXg2NWO0xtxeZ0pffPKL4Z6fyo/G5eBO89+AUzvkwpN/lODsC30L64BxdJcw+zv0+R7wjI0tFSF/Ne3MuzPvWWqO1jttGX5GY0uL6lNbsx3NVZ9EivBHeeWQxHso5B0Kwvr7Ozs4OSZLgfBTslyVGv+e4LCBzoX8XA+ALYRL5BiElnU6HjY0NtJZk+dVCHe/f80RNXfCi0dV4Ey2WYHabYvuJwDsTVtUKh7FRS78K0ad+BaJgL47pwY2lG+Sci1stb0AU6ku4qFE/plgWz/Qs7+klCeWA/8jLE83vyFIJo39DqtB7W23k8N7zUqVlkQotaPbcb4+t9jGVw+BL004pRZ5BmqZYG3YkKyXRKmgNYwwfPunR7WUgBL5aeC4BjxcuBr9viEchhQfhsTZHJ+Ed7Q0t9+8/wA+Ow65qZ4vro/AibMsE8F5UA/7nd2yFJQHNvr8vovGa+nyX1WxTvtYCY8ZIqUjTlCzLOB4MsNaSjQ17e6fVep3y5om+3uII16dcgiexxtIfjjg8PGY0yri/mZIkCUqqsOrIWwSTLi7nZq9nXMuzAkI9HXi50EfzFq0kOknInWPv4IT9gyOMB2scuaXy90qBjjudFof3AucFAo+UGms945Hh0BxzetKlt9Hh3v0dtjc3UKnCGxNy1y6Y7eU1nd+5BeEh7Ffw+dt4oZ42y+Y3JTrnUBKSJCHLc/YOTvnk+QH9wRiddPBe0GolwOThUB4zCvTi8N7jCRpbqfC5MY7cG8b5Kb1RxuZGn52tNbY3N2glbazJsNbip8qcp92s6hot8XUti+YLNWEXE6LcVunCzVNo3iRJMMbwbO+Qp88OGOeWtLWOSlKcA+eyybGmzPhSyGOE9mZMCyKAEhoESBn2VXsUvf6Yfn/I2VmLs80+mxttNtc7rK2tMxoNq2N5Fx4M5e4ta1Zz3W3jK8rmTeXSlA4BL8/zw1PGo5xnB6cMMkOariGkxpRrai/YjQxBsLXW0b++KQqE9YDHe4fFhWskBFJoHB6tFXjLYJgx6O+TpJrHDx/w5lsd2u02zrmZ1cLz13vVaLymng+ilAI9Ho/pdrt88NERQijy3KKTDlIpjMmr1apSqXPHK/3zUstEXh3vLUgQ3iP85P10PmwUVYSHrxcCKTVeCHLj2T8+ZWQcj3fbdDodkiS4SdOCvapWVONfdXmxS42qdXiOdbtdPv74Y8ZGkFkQuoVSCc4FTaG0x5NXZvZ8gMw5F7uIFoDzBo8FKZEKpILpdmBr7cTCUgqlUxCK/thweNrjgw8+4ODgAO99iJIXFtiqamkALerejyongTDJJGVValODxXhHp7NObjzPj/uc9YYcHXUZZC1a6cRYKdMqQoB3IIvd3dP3hi+WIq/o/bJwlG9VjTHzd6KHan26Z9JAo1QSss8OeqbDRwcDutlzdre32Npok6YJwudYm4EL94LWGu9F8fsKYwxCqAv+av2pvU893UTvASXmChHQJAk4Lzk8POCTp/tkuSsi251oPtecNE2xxnN0eMyg1yd/sMOjh7skSQuXD0iLuIeUurK4rLWFeU4l6E2iET719NA66x24oLOFkDgv6XZ79HuHHByf0OuP0DpFSBWrEBtAKazGGLpnvcp9ur+7Q6u1CXZUfM2dC3g29YFef6F2Hk8RuBIa5x0ej5ChIeDg4Iy9vT36vQFeSNrtNbRKyYwpnuDNe1KvEs4F3zltdfAuYTQc8/En+zgrefPNN0hVgrUe50BKf06o626pXkT9hRoqXzqYVRKZaLKx4ezslE+eHJJlGUKlJFqDl2TGVH6Wc/bKYzfxojcLgbWhJj/4zZ5RNmLv4BjrJZ9+vFV9PQRLgw/d5Mh47V9ZlbrwMkRKpSBN2mTG8mxvn9HYIlULnbRwXmCcBULjBkyi2Zf9i9x1fBVDsQ6kUrRaner6P3v2jGycI4UqSn1D5M0XKbMmUnuhLpFSkiQp3gkGozHD4ZBxblFpAkpWxQnh5xKklFVOM1JfvLcoVQa9isYblSCkJjeO/f1Dssxc8LB2jS0cqn30u2yR1DoUJnS7PY5OTjnr9smyDJJW+EElUVohvSPPxyEXrV5uG0Tk7iGkB+Hw7nzFnyoKh8qHeD7OEbJ0qc4PwWgKt+5TT3c2lZ/PBCuKD8unrPATf8daS6Il1he/7+WkK0cASMayQy5yTo/OOOv26PUGjEYjlEqQag0xld+kaByQcvKyG3hNV4wE/HwtQVFHrhS5T3myf8rbSZtWu4PJhuA9UjiUEtiidbO0xMOEWEe5ttwwHUyb7wiTd9KEv3WhLpsepnPHMCkQoZz7jKzMIWt90RCvyXKL1JokaWGMYZxlyESDF/R6PfaO9/HeMx5l5LmtigqUTCYprsjKklvP4fExSknuP9hmrd1CYjE2C+OJpQ6DD8v4CgKK+8Y5hyoqEKfz2dOK6S5aercu1BcJchncCp9bJALnHTBbT621xstWaMNzjsFgxNHREYIQ9DjunjIc2coakFIXHVhqxsSKrC46bZHnOc8Pj+n2e9zb3mL33iZpkoQ4uPcIqZFC4LE464IZKBSqiJqHH/NM57UvmmF3V3gt5vf8GzL9PSEkQUGHaDQE3xfAWMdRd0S328UYQ57nnHRPcS5UEgVfOgVAyrLNspx3Bd67KNcrjvMCITXWOU67fQbDEaeDAakO98rbb96vbpHyfpS+EGLnUYW7JwSIuRVVd7Wn/taFelrzlk+16eYI5zwISZqmeA+jzODynNEo4+TkhOOeYTgchrxykiBVq1hppUlbLYTnwihm9SCJQr3STK/yUa0wEunw6BTnHK1W2ABSZkU2Om22trZYW1tDCoHNTRHrKdNmMjSfMLWd5e7J9OstPpnW2GULpJMaazyjzNIbDDk9OWNsLFmW0T3roVQrPBjCb5EkwVc23mG9R3lmTKSJae9WdvJFZEIZzwGKqjJJKtvF1BvN872j6r7pttv0BoatrYy1tTWSJKElXDF4QYR+b+vxlJ1jHnkHBxuKP/vh3q3e99PD/sqgmVLhiZllGbK1yWAw4Oiky/HxKcPRGIcIgS6tUN6hVNEr68pqoODr5M6SinAsqajqfsscdHgYNCYVH3kVvK3aMcdZhlJJ5bpZa9E63B/Oh7Jhiu2b7XabVivh8e46aZrSaiVoHY4T9nsVSuMOljq8ljx1udFQKVVp2n6/z+HhId3xAdaGCZLWONJ2B+PAOmglbXw2wNq8qO0GYz3OZeHhQMhRhs2J5RPTTf2DBtXXRF4BKam6stIkQRR1DcYYkiTBTmxAlARkMNd7vQHdriPvHbGxscHOzhbr6+skia7iNpUJfscQf/aj/RtpakfQiolUCOmLlJIgUeHNk1IilASvcSisk/SGI54/O+D5/gFK66pQYNZUmvjdkciyyEcencgwDz6RtNua7Z0tNjfDKKW2z4rZd7ZI0RaWohdYa1GE382dLQJxwWIVSmJdTnILHvCNj6hl2VDhgDC3KzSmC5RKwuB1FMZaznp9jk569M76ZMaH+VIXjHYtiQIdWTbtThp8aZeTDXIGA0d/0CsCam3e2F5H6zCRpSxFtia4g6lWxXpekDgEAl8MbZAe1C2FtG58VG/Dloow+TFU8XiYTJvQbU5OTtg/OuasO2Q4GmNsqOpKkgSFmxHmu5giiDSX6xSHLabJlpNnrbWMhjnZ+JAkSRj1wtrdra0NOq02WmuEc1M+usXhEAKkDD45ziFcEPDbiLNdK9TXvWjBZFC+lBKpEkI7nGU0zumedTk4OOFg/wjjPGnSptNpYQk9ruqKpvW7mgeMrA6hUWQ6Y5NMTVDxPNs/oX02Yqs3Yndrk63NDu1OivYSawxeFTPnrcMVJrgSQeyElPhbGKck/vzHBzeSGiVCWafSIc88HucYB1mWcXLS5fnJ2WQIflEJ5ouglncguTp8GIU6cptcp7SUdEUqVhTKK8SAvCuGTwqLNxa8JU01W5tr7G5vhnJUKdnabFWZH5O7UHdexo68wMvFh89vbtRLFXxqpeh1+3z8yXMG4wwpFKNRRmYdSZJUUzydA+EmWw29mC1MmSf61ZFlYowrgriiWO7gijqIoHBSneJlWO6X5zlHx136vRFpK0w2ffQgFLOsd9ZI2iGtE1JhDi/crdRR3FiojYPhaESWGU66A466PcbjnLS1jpQJnVRTbsaAIk8tJc6VX4vDCCJ3l9DRFyofy+KpUrC1kuRF22+oiAzbXka5ZTAe4ryh1wtBtd3dbVItaSWa9U4LJLe25+vG5ndvmLG/f8jhySnWSaRKkSLFUWwktFnlb4upxnQhghli517YfElpJLJMlNBVukrpyeaPslW47N6qipzUpCnJe0826JMkijTV4B0baykP7m+TpgnSQ2ettfBzFt/68fGVQu2dQwgfGlcKQVMyoT/MePLkGZ/s94un1KREc2KixDxzZLUpOwin+xOEEOR5zs7ODl/4iW3SNJ2py5j5/xXC4y8U/Z7vYpzeIjn7c7PtaFGgI6vORZbndOn0bXCtUIdJI2Hsbsn8atiYeopELuayiT/T31s0L10YfdmJxAmckch55jX068jyXCvU15nZUZAjkau5SD4ukpuLTPRX4YWE+iKiMEci1zO/EeR1uKm32pcY/exI5OW5aaD5WqG+6sAxZRWJXM1lruttKrwXG5IgRJXRst4j5PnUVZmfBqpJE+UmhEhk1QmDC8uMUWgUkUXbsiSM3ZqMp/dIIUJb8isozTgWJBK5o9ya+b2oPxSJRF6Mm8pY1NSRyC3yIgK6aEX5QkJ9WZ5t/ntRi0ci53ndcrHwIUlXJdQjkVVnvqT6Inm5aWT8pczvqwQ0Cm8kcje4NZ86CnkkMuF1uqlaXvMHioU2YWSRB02x7hNAnverpwtSwv+xqiwSmWe+u/GytmXxCtsCFq6po4aORF6c25CXG0e/r/taJBIJvC75uLZMdD5Sd1XX1rQpMRnJsriTjUTqxovUek/Ly1Vfe1FecJj/+T84/f/1vx+JROByxXiRf/2q3LhMdL6vOs4ni0TOc9EElNsalBB96kjkNfG65GNh0e8o0JHI3UBf168podj5E/qivRNIIYvvnTchzgt3FPZIpOS8fEiEUDDVUS1E6WO75fdTR20diVzOywaWl95PHQU6Erkb3ErtdxTwSORqbjNLtNDo96v8TCQSWSwL76eeJwp2ZJWZLzRZZJHJZfz/k7Ks60uK17gAAAAASUVORK5CYII=','default unknow image','1900-01-01','1900-01-01','fr_system@xpand.asia','fr_system@xpand.asia');
INSERT INTO tbl_app_cfg(app_key, app_value1, app_value2, app_value3,app_desc,date_created,date_updated,user_created,user_updated) values('GATE_IP_SERVICE','192.168.1.40','61005','','gate server ip and port','1900-01-01','1900-01-01','fr_system@xpand.asia','fr_system@xpand.asia');
INSERT INTO tbl_app_cfg(app_key, app_value1, app_value2, app_value3,app_desc,date_created,date_updated,user_created,user_updated) values('HW_KEEP_ALIVE_SERVICE','20','','','HW keep alive service','1900-01-01','1900-01-01','fr_system@xpand.asia','fr_system@xpand.asia');




INSERT INTO tbl_building(building_id,building_name,date_created,date_updated,location,user_created,user_updated,number_of_floors) values(1,'G-Tower','1900-01-01','1900-01-01','G-Tower','fr_system@xpand.asia','fr_system@xpand.asia',2);
INSERT INTO tbl_vcm (vcm_id,connect_protocol,date_created,date_updated,get_image_password,get_image_user_name,login_password,login_port,login_user_name,user_created,user_updated,vcm_ip,vcm_name,building_id) VALUES (1,'https','1900-01-01 00:00:00','1900-01-01 00:00:00','Xpand@123','xpandadmin','Xpand@123','8009','xpandadmin','fr_system@xpand.asia','fr_system@xpand.asia','192.168.2.53','vcm_name1',1);
INSERT INTO tbl_floor (floor_id,date_created,date_updated,floor_name,building_id,user_created,user_updated) VALUES (1,'1900-01-01 00:00:00','1900-01-01 00:00:00','1',1,'fr_system@xpand.asia','fr_system@xpand.asia');
INSERT INTO tbl_floor (floor_id,date_created,date_updated,floor_name,building_id,user_created,user_updated) VALUES (2,'1900-01-01 00:00:00','1900-01-01 00:00:00','2',1,'fr_system@xpand.asia','fr_system@xpand.asia');
INSERT INTO tbl_area (area_id,area_name,date_created,date_updated,floor_id,user_created,user_updated) VALUES (1,'reception34','1900-01-01 00:00:00','1900-01-01 00:00:00',1,'fr_system@xpand.asia','fr_system@xpand.asia');
INSERT INTO tbl_area (area_id,area_name,date_created,date_updated,floor_id,user_created,user_updated) VALUES (2,'reception33','1900-01-01 00:00:00','1900-01-01 00:00:00',2,'fr_system@xpand.asia','fr_system@xpand.asia');
INSERT INTO tbl_ipc_group (ipcg_id,date_created,date_updated,group_name,user_created,user_updated) VALUES (1,'1900-01-01 00:00:00','1900-01-01 00:00:00','group1','fr_system@xpand.asia','fr_system@xpand.asia');
INSERT INTO tbl_ipc_group (ipcg_id,date_created,date_updated,group_name,user_created,user_updated) VALUES (2,'1900-01-01 00:00:00','1900-01-01 00:00:00','group2','fr_system@xpand.asia','fr_system@xpand.asia');
INSERT INTO tbl_vcn (vcn_id,date_created,date_updated,login_password,login_port,login_user_name,vcn_ip,vcn_name,vcm_id,user_created,user_updated) VALUES (1,'1900-01-01 00:00:00','1900-01-01 00:00:00','Xpand@456','9900','xpandapp','192.168.2.200','vcn_name1',1,'fr_system@xpand.asia','fr_system@xpand.asia');

INSERT INTO tbl_time_unit (tu_id,divided_value,time_unit) VALUES (1,1,'Midnight'),(2,1,'Millisec'),(3,1000,'Second'),(4,60000,'Minute'),(5,3600000,'Hour');
INSERT INTO tbl_ipc_analyze_list (ipcanal_id,alarm_data_type,callbackurlmaster,callbackurlslave,check_point_name,check_pointsn,check_point_type,date_created,date_updated,ignore_same_person_time,library_type,list_name,list_name_id,suspect_end_date,suspect_id,suspect_name,suspect_start_date,suspect_type,user_created,user_updated,vcm_id,ignsmptu_id) VALUES (1,'1','http://192.168.2.12:8090/rest/pushData1,http://192.168.2.12:8090/rest/pushData2','','cp1',NULL,'1','1900-01-01 00:00:00','1900-01-01 00:00:00',100,'1','Whitelist',NULL,'2100-01-01','','Whitelist','1900-01-01','1','eddy','eddy',1,2);

INSERT INTO tbl_ipc (ipc_id,date_created,date_updated,ipc_code,ipc_ip,ipc_name,receive_alarm,area_id,vcn_id,user_created,user_updated,ignore_unknown_alarm,ipcanal_id) VALUES (1,'1900-01-01 00:00:00','1900-01-01 00:00:00','ipc_code1','192.168.1.2','ipc_name1','Y',1,1,'fr_system@xpand.asia','fr_system@xpand.asia',0,1);
INSERT INTO tbl_ipc (ipc_id,date_created,date_updated,ipc_code,ipc_ip,ipc_name,receive_alarm,area_id,vcn_id,user_created,user_updated,ignore_unknown_alarm,ipcanal_id) VALUES (2,'1900-01-01 00:00:00','1900-01-01 00:00:00','ipc_code2','192.168.1.3','ipc_name2','Y',2,1,'fr_system@xpand.asia','fr_system@xpand.asia',0,1);
INSERT INTO tbl_ipc (ipc_id,date_created,date_updated,ipc_code,ipc_ip,ipc_name,receive_alarm,area_id,vcn_id,user_created,user_updated,ignore_unknown_alarm,ipcanal_id) VALUES (3,'1900-01-01 00:00:00','1900-01-01 00:00:00','02117790000000000101#ab8df621bf3f4d91b61ce8cf5100c01a','192.168.1.20','ipc_name3','Y',1,1,'fr_system@xpand.asia','fr_system@xpand.asia',0,1);

INSERT INTO tbl_ipc_group_detail (ipcgd_id,ipc_id,ipcg_id) VALUES (1,1,1);
INSERT INTO tbl_ipc_group_detail (ipcgd_id,ipc_id,ipcg_id) VALUES (2,2,2);
INSERT INTO tbl_ipc_group_detail (ipcgd_id,ipc_id,ipcg_id) VALUES (3,3,1);
INSERT INTO tbl_user (user_id,enabled,first_name,last_name,password,user_name,role_id,ipcg_id,date_created,date_updated,user_created,user_updated) VALUES (1,1,'parinya','panvangmon','8d969eef6ecad3c29a3a629280e686cf0c3f5d5a86aff3ca12020c923adc6c92','eddy@abc.com',1,1,'1900-01-01','1900-01-01','fr_system@xpand.asia','fr_system@xpand.asia');
INSERT INTO tbl_user (user_id,enabled,first_name,last_name,password,user_name,role_id,ipcg_id,date_created,date_updated,user_created,user_updated) VALUES (2,1,'xxx','yyy','8d969eef6ecad3c29a3a629280e686cf0c3f5d5a86aff3ca12020c923adc6c92','xxx@abc.com',1,2,'1900-01-01','1900-01-01','fr_system@xpand.asia','fr_system@xpand.asia');

INSERT INTO tbl_person_category (category_id,category_color_code,category_name,ipcanal_id,date_created,date_updated,user_created,user_updated) VALUES (-1,'#123456','Unknown',1,'1900-01-01 00:00:00','1900-01-01 00:00:00','user1','user1'),(1,'#AAAAAA','Normal',1,'1900-01-01 00:00:00','1900-01-01 00:00:00','user1','user1'),(2,'#FFFFFF','VIP',1,'1900-01-01 00:00:00','1900-01-01 00:00:00','user1','user1');
INSERT INTO tbl_person_certification (certification_id,certification_name,date_created,date_updated,user_created,user_updated,third_party_code) VALUES (1,'ThaiId','1900-01-01 00:00:00','1900-01-01 00:00:00','user1','user1','0'),(2,'Passport','1900-01-01 00:00:00','1900-01-01 00:00:00','user1','user1','1');
INSERT INTO tbl_person_title (title_id,date_created,date_updated,title_name,user_created,user_updated) VALUES (1,'1900-01-01 00:00:00','1900-01-01 00:00:00','นาย','user1','user1'),(2,'1900-01-01 00:00:00','1900-01-01 00:00:00','นางสาว','user1','user1');
INSERT INTO tbl_person_info (person_id,certification_no,date_created,date_updated,first_name,hw_people_id,last_name,person_code,person_photo,user_created,user_updated,category_id,certification_id,title_id) 
VALUES (1,'123456','1900-01-01 00:00:00','1900-01-01 00:00:00','parinya','5b35bcc2a2ef2e3e74456aff','panvangmon','3412151451','data:image/jpeg;base64,/9j/4AAQSkZJRgABAQAAAQABAAD/2wCEAAkGBxITEhUSEhIVFRUVFRIYEhcVFxgXFRUVGBYXFhUWFhUYHSggGRolGxcVITEhJSkrLi4uFx8zODMtNygtLisBCgoKDg0OGBAQGi0dHR0tLS0tLSstLS0tLS0tLSsrLSstLS0tKy0tLS0rLS0rLS0tLTctLS0rKy0rLSstLS0tLf/AABEIALoBDwMBIgACEQEDEQH/xAAcAAEAAgMBAQEAAAAAAAAAAAAABAUDBgcCAQj/xAA7EAACAQIDBQYDBQgCAwAAAAAAAQIDEQQhMQUSQVFhBiJxgZGhE7HwBzLB0eEUI0JSYnKC8ZLCFSTS/8QAGAEBAAMBAAAAAAAAAAAAAAAAAAECAwT/xAAiEQEBAAIDAAIBBQAAAAAAAAAAAQIRAyExEkFhEyJRgfD/2gAMAwEAAhEDEQA/AO4gAAAAAAAAAAAABhxeJjTg5zdoxV2zMcs+0jtNvSdGm+5C+8+EpcbeGnqVyuomTai7c9rZYibSbVNO0Yp6/r1/2abGTb0z4LguvV9T1Xnd7z8un19dIk6vD259X+Rk0Z511/c+ee7+b+R9jWfPyVl/r6zIMqmeevv+h6jd8bdFr5vmSLXD1nz+b9UvzLOjVvpvZrhuW928/Ip8JFcr+/8AouqKklm7eNrfPXyCHtqTVvhyXVyt7bpgxOHsrf8Abj6EuEHa90/Kdn6uxFxCk1ZRXRWdvmQlruLUr2bb8Un+J6wCd8vbTziz7i8K3LOmk+Nk17J3LHZGzpN34ac/noSaWOy2uKTT55fMx7TxcYPu2Xh9Zk6pRjBWaTcVq8r9brU1TbNbellflll7vQIrrH2f9tJvco1vut7sJNZp+Wq43OnH5e2Vj9xbqSXP8fE7l2A2861LcqzTkt3cu1eS5Lnb1zNZVK28AEoAAAAAAAAAAAAAAAAAAAAAGv8AbXbH7PQe67TqXjHmlbvS8l7tHDNoTu7t5Xy6vw+uHQ3j7R9ofErtX7sEorwWcvVv0ic5xVdN3k/TgunX65mOV3WkmoxYipf6yRDc76evF+HJdT5Xm+OSXDl5cX0MEE5dI/PxYSzqaWUbN8bfi/zZlpRz736HiEbZJeenojZOzvZLEYi0rOEObyv4cSLUyKqhUs8k2i7wdOrK27BeSz9Te9kdiKVPOXefNmzYbZlOKtGKRXa3xczhsSq83F38P9H2XZ+o+C9PxudXjhlbQxTwceS9AnpyqXZ2aeUfQn4DY095ZNddToTwi5IxywyEo5/trBO8svD8zR9o0JX5edvXQ7Pj8Ems/wDTNX2lsiLveOZO0WOZ/CmuCXVJ/joXmwNozhKLu7pp5yyus08m+Jl2rstw0WXt+jKejJKSzle+nD1ayLys7H6V2NtCNelGpF6rvdJccvfwaJxzD7LdsP4jpSd1Na6reSbXe00urI6eaxmAAAAAAAAAAAAAAAAAAAGDBjpNU5tZPclbxs7AcA7W41SqTd7rek/7pN3XksjVaknq/rw+v0s9oPenKT/mlbpnx9/QhVIq289P4V+LMGqGoXzlotOSX4vqWOz9mTqtRhFvkrO3i/y+RYbA2BOvNSkrR1X5/XsdS2LsmnQilFZ8XxK3JeRTdmexFOnadbvz1t/CvLibxQpJKyVjFTRMpRKLPcYmWMT7FGRItIra+JHyUT2fGWQxNGKcSQ0Y5orYshV6dyoxWEvl6F5MiVoEJaZtbBO2l0aHtekotpLdfP61OtbQp3TNA7U4Tja/1oXxqmUPs+xLpV6cnJNKS4cOPszviZ+b9g0rTTvq7cZWeua/h8WfozCPuQzv3Y588lmbxjWUAEoAAAAAAAAAAAAAAAACNtK/wqltdydvRkk81FdNdGB+bqmHUdc7Zvm3wT9vREXDYfeqJys22rR5cr9S327Qkqs6ay3ZScpWvpJ7qXWyPPZ3DJz3reb1fLP0MdNNt32HhdyKNhoRKzBqyRbYYyvraeJNNEqmYKaJEUShliZEzFE9loh6uLnk+gfGzHNmRmOaIpEeZgqIkzI9QqsrcdHI1LbtBtO3n1X5m34oodoUiZ6itMw73ZJ5XeqtmzvOxpuWHotqzdKnf/ijhldWqcnlmkrnctiX/Z6N1Z/CpXX+COjFhkmgAsqAAAAAAAAAAAAAAAAAELa20FRhfLebtBN2uxbpMm+nIu29L/3cQ3ZXlF2tyjFXfT8yN2co3d1pwPvbjGTniL1FCG/HWCa3nGyzu3nZ/wCjP2Mhdvpp0+r28jK3cXksvbaqESzwrITsld5JalbU2zUleOHpuX9byXlfUzsazttkGSIM0RY3G083G/Pj8jJS7Yzi7VKVrau40lviZ9uarg+2NGX3u7cvqOMjJXi0wjSXcbxhUzy5g0kNnlsh1cWo5soNrdqVDKKuwmRsk2Ra0jS5bfxk/uQ87HhUdoVM3U3fF/gkNJ02isVuKiQsPWxVKyqr4keLWtunMsJZ6cdBIrWnV6W/i6cVa8pxjn1aWXXM7rGKSSWSWS8DgG16jhXlNXyV8uFrtNed/Y6f2M2tvVHRu3+7U+id0vV3foazLWoz+Fst/huIANGQAAAAAAAAAAAAAAAAaV9o8JSVFR1vK1ueWZuprnbCF1TaV2vif9TPlm8a24Lrklcp7Tb06lJ8YRqKV1r93PpwLvsbRsmYdoOMpLejknnl9dPQvNiUVFO2mRnL00zxsqZXStZ6GFYuMFwRIrUrrI0ztbhsSov4avG2eaTX10HqJ0v59pIXcY3k+mnm9EYKmIdXWmv+VO/pvGmbK7PVK1CVSVST3YycacHupNJ2UuL8vcpFsysm0qd00u/8W26795uD+9dZeZf4K/qfh0CtgKekoOD4cF65r3LfZcHTatJ2Krs3s7E0qNOo5SqU5RbqUqmbSzs4Pla2Rs37NF01UpO8Hp06FbjpeZbi2oVLo+152R42Y7pGXaUbIzGvbTxG9lco0lfuw3mtXlZf5OyRfwwSalUm7Qjr9Iqtq7JeJpTkrpRhJ0qUXZNpOzmlq+mmRfHHZctTatrdoFTy36a/z/8AmLXufKXa5cbNf0u/tr7GlVtkVE7WoOCcmpLf+K00u7K/dsrPRXzeZdbW7MwjhqdRx+HV3E38PK7t/FHT5Mv8Iz/Uu/G44fbEKiTTTJ9Np6GidjNlV8pSa3Xy180/wN8p0t2yKedL3tpW2sPerJdXbz+vc3r7O8Fu1JztpTS9X+jNbx+H/eylyZvXYiNo1Ovw/wDsMe8om/twv5bOADocoAAAAAAAAAAAAAAAAVXaGnemmlo/Zr87FqRdqUHOlOKdm4u3is17ojKbi2F1lK5lXSdRRlld2LPZmSa6nvHbNc6alFr4sbSvzafy6EfAzbWa3W1muT4o5p06+S7W+HZ8xmCU00zDRnZljRlcK6a7g9lyoy/du13o1l5GSjsWk578qMXxtvNRef8ALobG6SYp4dci8zqLjPtGUN/KSyysk7K1tMj1VoRhFqCaUvvJtvO2ufEnJWWRFxBFuzTxs3LIkbSWRHw2pK2hoVShYZJqzSa5NXV/A8VcMlpBJf0pIYd5lnCNyZTxq9fZtO+9uwUs7P4a3r5u97a6EaWzd9968s8t7ReRuEsOuRjdBIm5U6U2FwKprJHmu80WGKlZFYnnciel8a9i7zqtR/mab4I3/sZTtSm737yjf+1K/wAzXMFgYfDat95u74tvXPzN52Tg1SpQppWss7c3my3HO9o5c/2/FLABu5QAAAAAAAAAAAAAAAAAAartyn8OUsrJ2cX04+mZr1GUr3lk3ZnRcXhY1I7sllw5p80yhx3Z1JSmpybinZNLx1McsL9N8c5rtS3sTcPMgz0Rmw8jPJtj4t6cjPEg0pkqEiJU2MrRCxkrE5MrdpSV0mSoYN3ZYYiN0U9DFKLJ1facN3UiJ0hb1pFth2a9+2KTZe4d91eBMRYlykQ68zJKZErzItWxiDi5kJPKT6foZcVMn9mcOpze8k0k201dPho/EnCbRyXUR+z+CnKpZO8E4tvkrt28Xp5G7nmnTUVaKSXJKy9Eejoxx05cstgALKgAAAAAAAAAAAAAAAAAAHxo+gDRsfR3Jyjyb/QxUmXPaehaSn/Ms/FfpYpIHPlNOrDLpY0WTKTK6jIlU5lGm09Mrts4SVRLcdmtPyJKqn1VUFGi4nsw3V+LeSnzUmSsZgalSLheUebWTfS5t3xqfFr5h/CSu5Rt019Bpfdafsfs66biotqKd2uL46m5RdkRY4qHB+uQniEiEZb+2apUIVeqZJTuiNViEyoVeRsnZCn3Zy8F+L/A1mrqbp2dobtCPOV5Pz09rGvHO2PLelmADdzgAAAAAAAAAAAAAAAAAAAAAAAIO2MN8Sm0tVmvLX2NPazN+NT2/g1Cd1pLPw5mecaYX6RaLJKRW06pOpVTBurtr1sTFXo01PmnLd9MmUP/AJDGz1hGPRy/JG8b10VGOwWe9HUNOPOT2KSMcZJXUI5K7tPRXtd93mels/HSaiqcXlvLvt5WyehYQruOUo5aOzzPb2gl92Dvpr+ROo3+c+tf7+1HXhilxgrf3P8ABHjB0MbUkoxqwjG+bs27dLuxazpzqZW3UW2z8KqayK9K8nJNajPh6EoQSk79SNiqpnxWJKPF4vMOdLwVB1akYLi8+i4v0OhwikklokkvBGv9kNmuMPjTXemu6uUefmbEdOE1HNnd0ABdQAAAAAAAAAAAAAAAAAAAAAAAAKHthBqlGotYyt5Nfoi+IG3aO/h6i/pb9M/wIviZ60GGIUs1rxXL9CXh8Qa5Um4yyJVHG89TmrpjaaVW5mikygw2OLWjikVSm/sEJahbLgfIYtcz5LHLmE9vssMo6ELEVbDF7RSWbNW2xtyKvnmQmRL2jtBLiUM9ppSTebb7q6830KOrtGpWlu0oyqS5QTlbxSJ+y+yWOnNVKlLcXDflFN/4ptr0JlLHf4aK3JH0pcFtm1OKqQe+laW7nG64puzJUdqxayi14tL5NnVMpXJ8MlgCrjtiN7O3Vp8C0JllRcbPQAEoAAAAAAAAAAAAAAAAAAAAAA8zjdNPRpp+Z6AHHtqUnGcovg2vRkDeLztQv39X++XzKCRy311TwlinHQ909uuOqZDrkDElV4vX2piuL9GRsR2uXBv0ZrFY84SKdSCaTTnG6ejVxpO21bIWJx0u4pRpJ96o1kukf5n8uJuuE7NYWCSlSjUkuM1vt+N8i3p04wpbsEoqMbRUVZJdEtD1h1khpFytesJhIxW7CEYLkkl7LIkSwy0ebfAzLQiYaTtJ3+rovIo9fEhHJ8Cu2h2hpU8rxv5XZT9rZtOFm1m72ZmwNCCimoxV9bJK5S5auo1xwmt1i2Ri54vEbqTp0lbenPu7y/lpp/eb56L2fSEzSqKLfZM3vJXdvE14stMeab7X4AN3MAAAAAP/2Q==','user1','user1',1,1,1),
(2,'4s5wf5w','1900-01-01 00:00:00','1900-01-01 00:00:00','fname','a002','lname','514545454','data:image/jpeg;base64,/9j/4AAQSkZJRgABAQAAAQABAAD/2wCEAAkGBxMTEhUTExMVFhUVGBcaFxgXFxUXFRcXFxUXFxcYFRUYHSggGBolHRcXIjEhJSkrLi4uFx8zODMtNygtLisBCgoKDg0OGhAQGi0dHyUtLS0tLS0tLS0tLS0tLS0tLS0tLS0tLS0tLS0tLS0tLS0tLS0tLS0tLS0tLS0tLS0tLf/AABEIAOEA4QMBIgACEQEDEQH/xAAbAAABBQEBAAAAAAAAAAAAAAAEAQIDBQYAB//EAEQQAAEEAAQDBAYIBAMHBQAAAAEAAgMRBBIhMQVBUQYTYXEiMoGRobEHFEJSwdHh8BUjYpIzcvE0ZHOCk6LCJENEVWP/xAAZAQADAQEBAAAAAAAAAAAAAAAAAQIDBAX/xAAoEQEBAAICAgEBCQEBAAAAAAAAAQIRAyESMUEyBBMiUVJTkaLRgXH/2gAMAwEAAhEDEQA/ALVvZLAXkDHulYKIzEg5RR9EHV3NaTstwnDtjEzIe7JuraWPFGjfPcbFW0OGYHiTKM7gczuZOmt+xGAqPHvZ7rK8Y4FPLJcQaAZWOzOdplFFxrfqr3BYFse5zHl4eSNQ+JlIBI5J6hzK61BFpjnqrixjjuT5I5o0U2njiR7lGnlNceQWVbQPJDm9bUcm9fNPneGN/D9EQxoVJx3EmsoBzOBqvsgKb1DndZfjfF5SXBot/IcgFUYNkgec5Ica06LQx8HAt7rs6n8ApmYCtDqR8Fn7adR2CmI0V7gX1qqH6sb0Vo30WVevNEmk0RPiC51XsrCPZUuC1cVdQnRaSppmIbosvxaGwRrqtY8KqxTBzVbJ5nKS1xBvwRcLz1Vv2jwAILminDVZ3CT2aWuN2mrVoKIEagwzkexCQhgPUqtfj4hYzOsHoVowEO/Bs+63+0Jdr48uOb85b/5dKA4+P7x9zlE7Gs+8fir52Fb9xv8Aa38lC/DN+633I7a+X2f9OX8z/FM3GsGxRWF4tGNST7iiZMO37o9wUuDgB+yPcEqcy4P05fzP8d/HIerv7XLkf9Sb91vuXKFeXB+nL+Z/ja4HibJWRyZSMxvpWpbt7VcMavOcb2z+qOGHfA7R2WEii18YAp2bl5HXRUmI+kDFSkhjcrL6k6XzpbY99vPt09Xx2OjjbbncxtqVA2cPoi8po68/YvGsd2rkeXMjYS46CyS4nwaASt72T41JKyOKVmWYN9IWCNBWawnYJdtNDEfu5bPXfoUUSowU4LK1vJooSV8U4BNBSMkxoKsEOZ2Y7mgPABHYp2iVjABamzZwFimAmuQ+apWaEvJPpuNeQ0HyVy5xN34oDus0bK5OI8tTqosOU9jhWihY6yWndTGMt9ijc2/Tby3Rs0cFiSiVcYH1UN3AdTueh9yIY8NoBOFRJcgsVATt7f0UXEcZ3bm9CQPfsp48UK1RaNM7jeFdSTp1WI4ph+6l8Dt+K9SxxAF8lie08LXNsVmC048vgWKrCYtW0E6y8BVthHu6LZlpfsm0Vw3geIIByCiAfWbzHmszDMiWSJaSu3dncQfsD+5v5pjuzOI+4P7m/mq0OSSO0P6o0DcfgHxOySCnUDVg6G628kPDKG7q87Tj+e3/AIMXyKrBgQ5TfSsT/rQ6Lk3+FBcoG6xOK7KY6R7i57QGm2vzE+1rdwu4dwLFvytzNthIBGlts3Y5refX2N6lCHHgPzgBp/HqQjkyyk/CnGT5QcB7Fvhf9Yfb5NaAGgB5+a2vZ7hojBfkyufvY9PxzH8EFwnjrXCnmz1/MK+a7UZSNRfsSw5M7NVXhPLyOkKVrkybqomyKl7GZlFAbvzTWPXF1adQkDZxbx05+781IH2Chnv9H97BR4GayfJARukGYeP+hTeGNy5mHkSo8fCXHTQ8j0KPhAIBPrdetKaDcRh9CQgcFhiwa80Xjc10Cowx1a7JaPaYgAUELLejq1CIjOiQtso2FXxqLPbTeV43G7XDYjxBVLg8c9tsl9YaeDhyLT0K1OIw1jUEqtl4XWwd7TYB8lFXL0rIuL0Sx10DQ8RyKg4rA2QWyr+B8/FE4rgxOnK71JIBTDw17dLBHgqnQZvhfCS6Q5tGt5dVduha0dEcKaPFVuKzE0NlrLtOU0GdvoniQqRkVJJo1qx2VkyV82hQpCHxDtCEj01naiWp2/8ABi+RQWHn6ITtbjWunaWPDm9xELabFgGwT1Ci4RNeg1U5To8Y0HfHp8lyhypVmbP8dcBO4B2h9LStCdxSrjiWj1nAeZVLwdxeaBdJIdw0l7/+atgtND2PxU7TnaGAjd5APtaN1rcJrtj521FBiq1YR7KK1fA+Lhxay6IFk/NYwfRPiA01jYQeQyvAPS3Xp7lleIYvH4F5hkJa4bE05rh1a/mFPhPhXlfl7694dretIYTakHp8V57hO3bW/VmvFgxW+j6TSCANPEWVsBiQ5oe02DzUZbjTHVWGAxhLteVj8kZLiakaOVLOOmokgotmJsAnwIRL0diyxLqD/EIfB6PJ+yR+Clxjv5ZPh+SrsFNoW9fV/JGwtC+9BuNR5I6MaAKo4f69nmrMu9K+qAEnBzXZHkdEVFKQNaKjDAT0UvcpUzjl8vJc0dCEjoSlEKRpACkfEevyXVXNRSOKAikjA3IVbiyAbv2oyYVuqfiDC7VSrELK2zoioYAAoIX1uiYjequHkAxDdUPM1TzSaofESCl0z05LewMhQcjk+ebXTVDYgHZJcqKd9bInhfEsgqtSUK+GtXIWHEBr6HVF9HLGp/iTunzXKs78Lln22/C2MePbGBHGGx8yGgMAb5UhJ+P6FwJzbAHp1sLDSccLiSdxoChpsa481G659NniO0bQ6gRr11Wb7ZcT+sYV+dgd3ZaYpBVt9IB405EWKVQ0Z35QdauvBD4jFnu5GBpa1zHCjt51103TnsfDPBwXqf0d47vME7NZdHIQSTZOb0r+K8naV6F9D7i6TEwgaOY1+bkCHVRPjfwK05ZvFPH9TbP8UjLBA5ao3GcFkNFjm2ORB18ihHMI0O/Rc0rp0sn4imtB5t9/JVcBIIA6/iumlJA8E6JpaLd6x5dAqtEi44e+3KaGYknzQXDRRvqa9imhuz4Wmk9jzmdfIouLE7VzQZiO1gdUVhYgKGqANj2SOd4pQ5DTy8kXoRIZwo34lDveo3FTtUhZX2hnhSlRuSXFa+K3Um8SxwjbQ35KaeTLqszIM8rnPOg2HM+C0w7RyXUEfWNLPNWcPCLw8k0xIJYe6bzJ5Ejp4JOy2HZPOQ8aMbma3kTdaq/4/qD0AI9moXVjNuLPPVeeN5dU5qbzT1nl7a4gcaTSqJX04HorvEt3VNiAjGirX+Lxfc+ASqiypFRbqORha6i4dTWu/K0wnWwoY280QGLFfaSFwc0hzDk+28es0DYDmmTEuLbeDYpo5tbsA7xpSRNymy4ihYrZxHIhRvdmaH5KJd6TvvFGxroA/s/K0auj8g51/Jb76KI3RQ4rYPzMOnQNNfis+H5jqaWr7FPAlkjFfzGbeLTfyJSyztml8cky22sMz8lk2h5hn1qippGkmhyA+SHHr0NT8Fjp0h5oQzXd3Ich59SoIwTvr+9FZvw+mqDYzWk4yGYUat80fHHVnmhMIKrmbVk/wVxFCxwa/vdEE1pzXHTzTHGkA/PSgkFlOB0UbpBSVVDHBImidp5ri8KVOKjen5k0pKV+OZos3LGc60nE52tbrvyHMnyVVw0ZnNZlLpHE7bAb6+S0wZcvpL2cd3WKjcdnW0+39aV52uxOUFo3tVuNwLYx3j5Wty7Nbqcw1APuQnHsZ3jmu6tDveL/ABXVx3pw8k7ULt1ICmPStUZe2+KPEBVE7FcyjRVcw1SgoDIuRPd/vVcr8i3VFO4gmumnkm53tLdSb8FocJw8210hDi0UB4Ac+qKlmA1ABPWh81kdoeGMMY17zQaHZr6HwUvBuy2PxLA2OAMhuw+c5Sb5ho19i1PYThzMRK50jQ4RZSAdsxuiR1FfFekEqLrFpJt55gPozO+IxQP9MMVf97yfkFeYDsrhMM7vI4yZBfpucS7XdaR5Qsqi5Wqk0BfCTsaPLpSDnw74qf61HWt1ZXRSYmYVvvspbTIwPDgCNiLVbI03oj4nW1RsGqaKlwLKFo8FDsTwU5S05xUMj9VK8oHE2NkbPTpXXzQc8buSimxbm7i/JLHxGM/ao9DohWgGJimB9EfFDHEYkbBvvVzLKDtR8kyLD9UtnpFgsXK4gOZXjui5sQG6a34IqOOgqfjWJ7qCWU75SG6buIoJzuprM47tPG/EQxxsJzO9Nx3og01o89b8ETxKRzHW0kHqND71Qdh8FK2QzHCyynLTHW1rG3u4l5Fny8VouMRmjYo9N68FeU1lNMfLylVE+IJbqSUZHic0bP6RSrWC90ThScp6BdGN058psRdpWIvgeH7yeNnJxo+VIaWLK9zDu1zm/wBpISyVi56rcQ1WTlXYtRKsNS5NzJVWwme8nYKCU0CjZDpsSFW4h2h3Hmp2Wm++irEi8Q3mQwjyGYLely8X7E8V7nFRuPqutjvJ36gL2HPzWeftrh6SEqGUrnvQ0j1mo15VVxHBF8sMgdQjJLmm6ILSNK5o97kO5yFQRGKFLmsTIZLU6AUOUgUJXZ0AQmPamh6XMgwc8IO4VdLw1hOyuZAociDgbC4QDloiRGnEgJWuQZZR6KpuLYJ0tAEZefj7Vb4j1T1o150vMuF8bkiJyvvU5g7UE3rpyK0wx2y5LqN/FGQ0NFADkFS8chq/FWXB+KsnboMrgPSb+I6hRdoGW0HzTyjLG9sWxo5prpPSyjZSDchD4gUb6rXFnY03Y53/AKqI+J+RTu1MWXGTAc3X7wouwWuIA/pcfgie2T7xN/0tRb2eKoKrsYFYBD4mPRTtVVN+SRE9yuVkilxDgPR589/YhZX2dU5pyOLSdDqPA+aSQg7LNYXY/j4r1Xsh2h72JocfSGjvMfmvMZ4rapuz/FTh5bOrHEB4/wDIeIRlNwS6r2p0lod5Q+BxIIGtgiweoKLkaFi1DPeh3vUsuihKlUMEtG1YRS2q4p8T6QdiyzJpUMcikJQRbStcm5kgemacFRSvpNMiYSjY0EimLyT8EWwUh3RAahZ/tfxqTDwsfGRmc8N12qjeiJN1Vuo18kjQ2yaA1PQUvFsXODK8x6hz3EeRcdkVxTtNiZ2FjnAN5hugPmqc7Dl0W+OOnPnlMppfcH4qY3hzTTh8fArd4vFtmw4e32joeYXlcr6ohajsnii5sreVNPtooz6m0Y+0Mh9MhD4uTZSY6SpPNBTu1VYXcTn1Wl+jyesW0dQ75IztXf1l46VXks32fxvdYmKTkHjN/lOh/fgtP2w/2p/kPknZ2UVcaScaJYkso0UKVy5Sd2lVDamnLXNJLvLp5qPAMzaE6t+KEmZpqfJNEh3G4S10rfa1e/k4bHRATx8/eiuH4sE5Xfsp8zQToKJ3HO+o6ikvR62t+x3aJsdQTO/lk+g4/YJ5H+n5L0aKx62y8QxkGV1bLR9l+2b4ahxFui2a7d0fTzb8lOWG+4eOWuq9OljvZCSREJcPjmEBzXBzTqCDofJTyYptLJrKAc5MonYFSSzstO/iDGpGfDE4DUqRk6y3H+1jWA/ADdYdvavEibvWvqvsHVhHRw/FXjhckZZzF7J3qQvCzPAu18GIAa491Jza46E/0u5rRCK9VNlntUspsuJrYKA4h/QFV3HuMYfDt9N9v5MaQXE+XJZKDtvLRuJm+mrtvEKscNn54z213FOLGGMyvprRy3JPIALzftBxl2KlBOjW+q3kL3J8UPxni8uIkBkcMo9VrRTR+qGw7RZK2xwkY8nJ5XU9JHOoAWnRygina9PNDyOTA5Uy2nc4+xarsQ4ZZj0y/IrHSSLR9lJ8kUp+8Wj4aqOafgp4X8STiMv8z2qPEdVFjWGjJyLqUu7B5KuP6YXJ7RNWp4ji+9ySXqWNDv8AM0UfkssFZYGS21eyqp2soFM/ZCwuRTdQs6sNkK5SZfBclsaZCV4JvXw6KRluF1fSvwQjHciiY8VQqk7FSh5Wa6A2ldMTQBUkbiD1tDYn0XKiK/XnqoHEqSR16qK04mieHcSkgNxuoHdv2T7FeRdtHfbjPsP5rMO1SOJHii4ynMrGvb2xi5h/uH5qvx/a57xUbKHV2p9wWcc61wNJTjxh3kyqSSQuOZxslNtcxyQlUhxN7hPEzgKDngdMzq91pgXFqAfHXIJ5m5KFrqSA6oBJXWVJC7dRP3TXPpMj3OtcSo81JW+KAUlaPgOGc6A1fpE18rWcawkho3JAHmSvU8BwsRxRsA9VoB8Tz+Nrn+0ckxkjTim6o+0MQbhw0DQKq4dLbK6LXS8MiyODmZnUaLi4/M0FiOFkhzmncEj3FacWUuPSMpqiAURgpqdSFJopc1OBWlJf4d6OY5U+CltWTHrLLqqibMuSZ1yWzYIPCV79qUFi/NTlwrZaEkbOTpoknF8jagadVNM+yBaR76DWn0kmauYbCpJ1VqEx8fXmle/TRMc9IzXilGAnONrgVRGpQUhKRAOTmuPVMCS0AtrrTXHZI8plsjnaJgSu6J9II1qcmnwTms96AuuyOBfJiGlrQ7J6VE0NNLuj1XqWGJZoRYO/OveqLsRw7u4S+tX0B5D9fwWiIXJy4zNrjfEs0IIvcFeX4+HusZI29C7MPJ2q9MEhafDosB26jDcQyRv2h8v9VP2fG45a+Dzss2AmGqTEO9EkcgVM82AfBRyeqfIrrZRp+03D48PiWxxNytMELyLJ9J4dmNnyULXaIrt7JWOZr/8AEw3yeqt0iVhwXnSIPvyuS0jdY0lEYQF7msDmtJ0t7srBz1dyQyQj2/jeyta/wnZueR2WJ+HkcGucWsmaXZWi3Gq5BVuDp7qdLHHpYc8kA7aCgddVoeExxYRk0Ms8cOLxMZY52r24aHcscW/+9IdKB9EDXeln+GT4kOEeFkma+QgBsT3MzkA1dEcr1OwtLQ2THxtYW1PFLd/4ZJy1W9gdVJBw2V0cMoy5Zp+4Zrr3gy+sOQ9IK47T8Wc3Cx8PM7sQ8PMuKlLzI3vKAbBG927WAWSNMxKK7NccxUrYIjNM1mGnM0+IdO/IIab/AC3WbPqEBtm82yZKLinCnwD+Y6MnvJIy1rrcHRvexxc3cC2Gj4jqqx6suJ8ZdNinYiXNMwySOZHK9+UMeTQGtsGxodFJ/F4P/r8P/wBSVBqdKllcC5xDQ0EkhoshoJJDQTrQ29iYgbKutNXIIq60lriUyMB1SvTWbp0hQDNb0TgwpYwnFAcAEVw3DmSRrRzI+aFWz+jvh+aXvDsNfwHxUZ3UPGdt/BAGMawbNAHuGqVyc8qFxWS0cqxnb6Id2yT7rqPt0WvkeKXca7SObA+sNhXlrbAdEHA5RzvfZVj7KvOMPK0tGo26qKaUZXajY81p8D24e9t/UsD/ANBqe/to8aHB4DX/APBq0THfSNpjYz/uuH+T1SzPHvCXtFxd+Kk76QMa4MYwBgpoay6oe1BzP/lsN+CATvv3X6rkHmXJ6TtXlNKcmlEUaQnB3iQeoJB2rceHzSJCmRQByXOF6cruuV8jXVcCuBSMoKcCm2utAhyaV1riUGaSktIU0pkVK7ZNBSucgnRhdIUsIs0NzsuLaJBFEbg7hAOYnUlaE4pGZS9V7IQiKC9i6vcB+a8zwEWaRoAs3t5ar1XBxU1o6ALPO9xWI109oaWUqTKucAs1BHklDTM9F17UbvpSfxXHNgjMjthsOZJ2AWAm4451nTXlZ9yrHG3tWE471nl4/wDNm8Hfq5vIHTyU2MNUocJxAueGlrdeiMxc5aNgVpu/kv7rg/c/rUDjbV2GNxvaeQsJ0GLJGwUmGxBLqIAv9+1G7+Q+64P3P61VZj0XK5p3Rq5Pd/IvueD9z+tVjVy5cm5r6IkK5cmRFxXLkGVIFy5Bxy5KuQRqR65cimakK5ckKL4T/jM8wrHtX/j/APIFy5RfrXPoVseyX9/NcuVoi07Mf7S3yd8l6K3YJVyzy9qK5M5lcuUU2U+kD1Iv8zvkFijz8/xXLlrh6RknwXrs/wAyuMb+S5crL4CYb9/BSQ/4g8/zXLlNOelmuXLkw//Z','user1','user1',2,2,2);